Date,GOLD,SRPT
2019-11-25 00:00:00+00:00,16.43,107.09
2019-11-26 00:00:00+00:00,16.86,108.89
2019-11-27 00:00:00+00:00,16.7,110.92
2019-11-29 00:00:00+00:00,16.8,112.49
2019-12-02 00:00:00+00:00,16.89,108.78
2019-12-03 00:00:00+00:00,17.28,111.31
2019-12-04 00:00:00+00:00,17.03,111.38
2019-12-05 00:00:00+00:00,17.16,109.96
2019-12-06 00:00:00+00:00,16.89,109.46
2019-12-09 00:00:00+00:00,16.85,105.75
2019-12-10 00:00:00+00:00,17.14,106.17
2019-12-11 00:00:00+00:00,17.62,101.45
2019-12-12 00:00:00+00:00,17.56,100.47
2019-12-13 00:00:00+00:00,17.58,132.05
2019-12-16 00:00:00+00:00,17.42,135.35
2019-12-17 00:00:00+00:00,17.39,131.47
2019-12-18 00:00:00+00:00,17.93,126.62
2019-12-19 00:00:00+00:00,17.71,125.31
2019-12-20 00:00:00+00:00,17.45,126.17
2019-12-23 00:00:00+00:00,17.76,135.58
2019-12-24 00:00:00+00:00,18.31,134.3
2019-12-26 00:00:00+00:00,18.36,132.98
2019-12-27 00:00:00+00:00,18.37,129.77
2019-12-30 00:00:00+00:00,18.61,128.79
2019-12-31 00:00:00+00:00,18.59,129.04
2020-01-02 00:00:00+00:00,18.49,129.09
2020-01-03 00:00:00+00:00,18.57,129.78
2020-01-06 00:00:00+00:00,18.39,131.45
2020-01-07 00:00:00+00:00,18.47,130.22
2020-01-08 00:00:00+00:00,17.82,130.03
2020-01-09 00:00:00+00:00,17.6,131.64
2020-01-10 00:00:00+00:00,17.85,129.02
2020-01-13 00:00:00+00:00,17.45,124.63
2020-01-14 00:00:00+00:00,17.56,127.93
2020-01-15 00:00:00+00:00,17.9,130.24
2020-01-16 00:00:00+00:00,18.09,130.3
2020-01-17 00:00:00+00:00,17.95,127.9
2020-01-21 00:00:00+00:00,18.35,122.99
2020-01-22 00:00:00+00:00,18.29,118.33
2020-01-23 00:00:00+00:00,18.43,113.68
2020-01-24 00:00:00+00:00,18.71,112.39
2020-01-27 00:00:00+00:00,18.62,111.62
2020-01-28 00:00:00+00:00,18.0,117.93
2020-01-29 00:00:00+00:00,18.37,119.87
2020-01-30 00:00:00+00:00,18.44,117.82
2020-01-31 00:00:00+00:00,18.52,115.96
2020-02-03 00:00:00+00:00,18.28,115.32
2020-02-04 00:00:00+00:00,18.02,121.14
2020-02-05 00:00:00+00:00,18.02,121.66
2020-02-06 00:00:00+00:00,18.35,121.69
2020-02-07 00:00:00+00:00,18.19,118.46
2020-02-10 00:00:00+00:00,18.43,123.72
2020-02-11 00:00:00+00:00,18.44,123.96
2020-02-12 00:00:00+00:00,18.41,125.44
2020-02-13 00:00:00+00:00,18.93,125.03
2020-02-14 00:00:00+00:00,19.72,125.42
2020-02-18 00:00:00+00:00,20.58,122.78
2020-02-19 00:00:00+00:00,21.0,121.9
2020-02-20 00:00:00+00:00,20.77,123.09
2020-02-21 00:00:00+00:00,21.44,123.98
2020-02-24 00:00:00+00:00,22.03,119.57
2020-02-25 00:00:00+00:00,21.25,113.79
2020-02-26 00:00:00+00:00,21.09,113.63
2020-02-27 00:00:00+00:00,19.78,107.67
2020-02-28 00:00:00+00:00,19.04,114.47
2020-03-02 00:00:00+00:00,19.86,119.86
2020-03-03 00:00:00+00:00,20.62,116.1
2020-03-04 00:00:00+00:00,20.55,119.18
2020-03-05 00:00:00+00:00,21.16,120.06
2020-03-06 00:00:00+00:00,21.23,117.1
2020-03-09 00:00:00+00:00,20.43,106.87
2020-03-10 00:00:00+00:00,19.87,110.38
2020-03-11 00:00:00+00:00,18.79,102.83
2020-03-12 00:00:00+00:00,16.88,94.19
2020-03-13 00:00:00+00:00,15.67,99.83
2020-03-16 00:00:00+00:00,16.33,85.17
2020-03-17 00:00:00+00:00,17.71,86.81
2020-03-18 00:00:00+00:00,15.88,82.38
2020-03-19 00:00:00+00:00,16.08,87.22
2020-03-20 00:00:00+00:00,15.88,87.01
2020-03-23 00:00:00+00:00,16.93,89.38
2020-03-24 00:00:00+00:00,19.5,92.72
2020-03-25 00:00:00+00:00,19.11,94.53
2020-03-26 00:00:00+00:00,19.58,99.01
2020-03-27 00:00:00+00:00,19.24,94.44
2020-03-30 00:00:00+00:00,19.29,98.52
2020-03-31 00:00:00+00:00,18.32,97.82
2020-04-01 00:00:00+00:00,18.87,93.0
2020-04-02 00:00:00+00:00,19.85,95.98
2020-04-03 00:00:00+00:00,19.95,93.62
2020-04-06 00:00:00+00:00,20.55,101.07
2020-04-07 00:00:00+00:00,20.31,99.98
2020-04-08 00:00:00+00:00,20.41,103.87
2020-04-09 00:00:00+00:00,22.51,108.75
2020-04-13 00:00:00+00:00,24.37,111.61
2020-04-14 00:00:00+00:00,24.43,113.05
2020-04-15 00:00:00+00:00,24.47,112.09
2020-04-16 00:00:00+00:00,25.0,112.74
2020-04-17 00:00:00+00:00,24.54,118.54
2020-04-20 00:00:00+00:00,24.92,118.52
2020-04-21 00:00:00+00:00,24.82,113.4
2020-04-22 00:00:00+00:00,26.48,114.34
2020-04-23 00:00:00+00:00,26.74,115.31
2020-04-24 00:00:00+00:00,27.1,121.53
2020-04-27 00:00:00+00:00,26.93,122.12
2020-04-28 00:00:00+00:00,26.96,119.69
2020-04-29 00:00:00+00:00,26.55,117.09
2020-04-30 00:00:00+00:00,25.72,117.88
2020-05-01 00:00:00+00:00,26.93,113.34
2020-05-04 00:00:00+00:00,27.38,118.34
2020-05-05 00:00:00+00:00,28.19,119.44
2020-05-06 00:00:00+00:00,26.56,122.57
2020-05-07 00:00:00+00:00,27.26,123.61
2020-05-08 00:00:00+00:00,27.39,128.0
2020-05-11 00:00:00+00:00,26.02,135.83
2020-05-12 00:00:00+00:00,26.04,132.89
2020-05-13 00:00:00+00:00,26.12,128.23
2020-05-14 00:00:00+00:00,27.14,127.05
2020-05-15 00:00:00+00:00,28.04,141.25
2020-05-18 00:00:00+00:00,27.2,146.77
2020-05-19 00:00:00+00:00,28.1,145.46
2020-05-20 00:00:00+00:00,27.25,150.09
2020-05-21 00:00:00+00:00,26.26,145.740005
2020-05-22 00:00:00+00:00,26.32,150.6
2020-05-26 00:00:00+00:00,24.73,154.05
2020-05-27 00:00:00+00:00,23.92,157.16
2020-05-28 00:00:00+00:00,23.95,153.0
2020-05-29 00:00:00+00:00,24.0,152.27
2020-06-01 00:00:00+00:00,24.78,149.76
2020-06-02 00:00:00+00:00,23.95,151.0
2020-06-03 00:00:00+00:00,23.22,149.04
2020-06-04 00:00:00+00:00,23.43,145.01
2020-06-05 00:00:00+00:00,23.29,147.99
2020-06-08 00:00:00+00:00,23.56,159.68
2020-06-09 00:00:00+00:00,24.33,155.65
2020-06-10 00:00:00+00:00,25.08,159.83
2020-06-11 00:00:00+00:00,24.31,153.6
2020-06-12 00:00:00+00:00,24.07,158.85
2020-06-15 00:00:00+00:00,24.74,158.02
2020-06-16 00:00:00+00:00,24.38,160.22
2020-06-17 00:00:00+00:00,24.25,163.42
2020-06-18 00:00:00+00:00,23.94,165.22
2020-06-19 00:00:00+00:00,24.49,168.82
2020-06-22 00:00:00+00:00,25.45,171.7
2020-06-23 00:00:00+00:00,25.68,168.81
2020-06-24 00:00:00+00:00,25.71,163.63
2020-06-25 00:00:00+00:00,25.73,167.31
2020-06-26 00:00:00+00:00,25.87,162.63
2020-06-29 00:00:00+00:00,26.13,162.71
2020-06-30 00:00:00+00:00,26.94,160.34
2020-07-01 00:00:00+00:00,26.81,165.68
2020-07-02 00:00:00+00:00,26.27,162.75
2020-07-06 00:00:00+00:00,26.61,163.49
2020-07-07 00:00:00+00:00,27.02,163.89
2020-07-08 00:00:00+00:00,27.72,170.15
2020-07-09 00:00:00+00:00,27.59,169.96
2020-07-10 00:00:00+00:00,27.11,168.81
2020-07-13 00:00:00+00:00,26.13,161.98
2020-07-14 00:00:00+00:00,27.05,166.76
2020-07-15 00:00:00+00:00,27.09,169.66
2020-07-16 00:00:00+00:00,26.69,169.415
2020-07-17 00:00:00+00:00,27.34,167.51
2020-07-20 00:00:00+00:00,28.12,172.34
2020-07-21 00:00:00+00:00,28.23,168.27
2020-07-22 00:00:00+00:00,28.52,164.52
2020-07-23 00:00:00+00:00,27.99,161.67
2020-07-24 00:00:00+00:00,28.44,158.63
2020-07-27 00:00:00+00:00,29.91,158.45
2020-07-28 00:00:00+00:00,29.59,155.49
2020-07-29 00:00:00+00:00,28.78,150.0
2020-07-30 00:00:00+00:00,28.25,154.09
2020-07-31 00:00:00+00:00,28.91,153.52
2020-08-03 00:00:00+00:00,28.72,158.23
2020-08-04 00:00:00+00:00,29.75,156.73
2020-08-05 00:00:00+00:00,29.84,158.89
2020-08-06 00:00:00+00:00,29.5,154.42
2020-08-07 00:00:00+00:00,28.87,158.97
2020-08-10 00:00:00+00:00,28.72,159.0
2020-08-11 00:00:00+00:00,26.25,158.03
2020-08-12 00:00:00+00:00,26.18,158.0
2020-08-13 00:00:00+00:00,27.14,159.0
2020-08-14 00:00:00+00:00,26.99,157.0
2020-08-17 00:00:00+00:00,30.13,158.71
2020-08-18 00:00:00+00:00,30.04,159.04
2020-08-19 00:00:00+00:00,28.98,148.66
2020-08-20 00:00:00+00:00,29.95,140.97
2020-08-21 00:00:00+00:00,29.31,141.94
2020-08-24 00:00:00+00:00,28.97,141.2
2020-08-25 00:00:00+00:00,28.75,144.94
2020-08-26 00:00:00+00:00,29.37,148.85
2020-08-27 00:00:00+00:00,28.58,149.34
2020-08-28 00:00:00+00:00,29.2,147.46
2020-08-31 00:00:00+00:00,29.65,146.42
2020-09-01 00:00:00+00:00,29.33,142.04
2020-09-02 00:00:00+00:00,29.61,141.08
2020-09-03 00:00:00+00:00,29.26,136.69
2020-09-04 00:00:00+00:00,29.05,132.75
2020-09-08 00:00:00+00:00,29.2,128.98
2020-09-09 00:00:00+00:00,30.46,130.49
2020-09-10 00:00:00+00:00,30.11,127.12
2020-09-11 00:00:00+00:00,29.75,130.68
2020-09-14 00:00:00+00:00,29.93,138.5
2020-09-15 00:00:00+00:00,29.99,142.8
2020-09-16 00:00:00+00:00,29.99,143.95
2020-09-17 00:00:00+00:00,29.14,144.03
2020-09-18 00:00:00+00:00,28.89,144.53
2020-09-21 00:00:00+00:00,28.19,142.84
2020-09-22 00:00:00+00:00,28.42,146.31
2020-09-23 00:00:00+00:00,27.14,143.96
2020-09-24 00:00:00+00:00,27.65,137.76
2020-09-25 00:00:00+00:00,27.7,144.0
2020-09-28 00:00:00+00:00,27.76,143.2
2020-09-29 00:00:00+00:00,28.28,141.28
2020-09-30 00:00:00+00:00,28.11,140.43
2020-10-01 00:00:00+00:00,28.26,141.55
2020-10-02 00:00:00+00:00,27.89,134.79
2020-10-05 00:00:00+00:00,28.37,138.8
2020-10-06 00:00:00+00:00,27.06,139.5
2020-10-07 00:00:00+00:00,26.95,145.86
2020-10-08 00:00:00+00:00,27.27,144.7
2020-10-09 00:00:00+00:00,28.05,143.58
2020-10-12 00:00:00+00:00,28.04,142.87
2020-10-13 00:00:00+00:00,27.96,147.26
2020-10-14 00:00:00+00:00,28.31,145.12
2020-10-15 00:00:00+00:00,27.75,143.33
2020-10-16 00:00:00+00:00,27.57,142.42
2020-10-19 00:00:00+00:00,27.02,140.79
2020-10-20 00:00:00+00:00,27.07,137.5
2020-10-21 00:00:00+00:00,27.37,137.26
2020-10-22 00:00:00+00:00,26.89,137.8
2020-10-23 00:00:00+00:00,26.81,137.73
2020-10-26 00:00:00+00:00,26.63,138.62
2020-10-27 00:00:00+00:00,27.09,139.62
2020-10-28 00:00:00+00:00,25.92,140.33
2020-10-29 00:00:00+00:00,26.17,141.49
2020-10-30 00:00:00+00:00,26.73,135.91
2020-11-02 00:00:00+00:00,27.16,137.29
2020-11-03 00:00:00+00:00,27.78,141.34
2020-11-04 00:00:00+00:00,27.42,151.9
2020-11-05 00:00:00+00:00,29.32,145.15
2020-11-06 00:00:00+00:00,28.87,125.66
2020-11-09 00:00:00+00:00,26.9,125.56
2020-11-10 00:00:00+00:00,25.94,128.38
2020-11-11 00:00:00+00:00,25.79,134.73
2020-11-12 00:00:00+00:00,25.91,138.86
2020-11-13 00:00:00+00:00,25.89,141.4
2020-11-16 00:00:00+00:00,25.86,139.7
2020-11-17 00:00:00+00:00,25.37,139.75
2020-11-18 00:00:00+00:00,24.46,132.71
2020-11-19 00:00:00+00:00,24.18,134.42
2020-11-20 00:00:00+00:00,24.28,131.18
2020-11-23 00:00:00+00:00,23.24,134.49
2020-11-24 00:00:00+00:00,22.79,135.11
2020-11-25 00:00:00+00:00,22.83,135.72
2020-11-27 00:00:00+00:00,22.69,139.15
2020-11-30 00:00:00+00:00,23.14,140.86
2020-12-01 00:00:00+00:00,23.83,145.94
2020-12-02 00:00:00+00:00,23.96,149.97
2020-12-03 00:00:00+00:00,23.61,153.33
2020-12-04 00:00:00+00:00,23.5,158.13
2020-12-07 00:00:00+00:00,23.95,151.05
2020-12-08 00:00:00+00:00,23.9,156.81
2020-12-09 00:00:00+00:00,23.36,159.3
2020-12-10 00:00:00+00:00,23.09,160.0
2020-12-11 00:00:00+00:00,22.9,167.24
2020-12-14 00:00:00+00:00,22.44,169.54
2020-12-15 00:00:00+00:00,22.87,167.95
2020-12-16 00:00:00+00:00,23.07,170.12
2020-12-17 00:00:00+00:00,23.59,171.06
2020-12-18 00:00:00+00:00,23.27,175.4
2020-12-21 00:00:00+00:00,23.02,177.02
2020-12-22 00:00:00+00:00,22.52,178.74
2020-12-23 00:00:00+00:00,22.83,178.06
2020-12-24 00:00:00+00:00,22.9,175.03
2020-12-28 00:00:00+00:00,22.84,174.15
2020-12-29 00:00:00+00:00,22.91,171.82
2020-12-30 00:00:00+00:00,23.24,171.54
2020-12-31 00:00:00+00:00,22.78,170.49
2021-01-04 00:00:00+00:00,24.62,165.29
2021-01-05 00:00:00+00:00,24.28,164.25
2021-01-06 00:00:00+00:00,24.5,166.45
2021-01-07 00:00:00+00:00,24.77,168.95
2021-01-08 00:00:00+00:00,23.97,82.29
2021-01-11 00:00:00+00:00,23.52,89.76
2021-01-12 00:00:00+00:00,23.54,87.28
2021-01-13 00:00:00+00:00,23.6,87.22
2021-01-14 00:00:00+00:00,23.68,89.9
2021-01-15 00:00:00+00:00,23.14,90.32
2021-01-19 00:00:00+00:00,23.39,96.8
2021-01-20 00:00:00+00:00,23.83,96.76
2021-01-21 00:00:00+00:00,23.68,96.92
2021-01-22 00:00:00+00:00,23.47,98.24
2021-01-25 00:00:00+00:00,23.44,96.11
2021-01-26 00:00:00+00:00,23.28,92.65
2021-01-27 00:00:00+00:00,21.99,90.49
2021-01-28 00:00:00+00:00,22.36,90.13
2021-01-29 00:00:00+00:00,22.37,89.4
2021-02-01 00:00:00+00:00,22.54,89.99
2021-02-02 00:00:00+00:00,22.34,90.18
2021-02-03 00:00:00+00:00,22.34,92.46
2021-02-04 00:00:00+00:00,21.99,95.73
2021-02-05 00:00:00+00:00,22.33,95.79
2021-02-08 00:00:00+00:00,22.46,95.28
2021-02-09 00:00:00+00:00,22.43,93.18
2021-02-10 00:00:00+00:00,22.51,93.06
2021-02-11 00:00:00+00:00,22.19,90.77
2021-02-12 00:00:00+00:00,22.15,91.07
2021-02-16 00:00:00+00:00,21.7,90.88
2021-02-17 00:00:00+00:00,20.83,89.6
2021-02-18 00:00:00+00:00,20.32,88.35
2021-02-19 00:00:00+00:00,19.78,85.38
2021-02-22 00:00:00+00:00,20.53,83.11
2021-02-23 00:00:00+00:00,20.16,83.82
2021-02-24 00:00:00+00:00,20.1,84.29
2021-02-25 00:00:00+00:00,19.45,85.25
2021-02-26 00:00:00+00:00,18.67,87.06
2021-03-01 00:00:00+00:00,18.97,87.03
2021-03-02 00:00:00+00:00,19.86,88.93
2021-03-03 00:00:00+00:00,19.5,87.11
2021-03-04 00:00:00+00:00,19.54,82.16
2021-03-05 00:00:00+00:00,19.84,84.79
2021-03-08 00:00:00+00:00,19.5,83.21
2021-03-09 00:00:00+00:00,19.99,85.75
2021-03-10 00:00:00+00:00,20.12,84.51
2021-03-11 00:00:00+00:00,20.31,87.17
2021-03-12 00:00:00+00:00,20.32,86.47
2021-03-15 00:00:00+00:00,20.77,85.94
2021-03-16 00:00:00+00:00,20.71,84.44
2021-03-17 00:00:00+00:00,21.13,84.84
2021-03-18 00:00:00+00:00,20.86,83.0
2021-03-19 00:00:00+00:00,20.96,82.64
2021-03-22 00:00:00+00:00,20.62,83.53
2021-03-23 00:00:00+00:00,20.24,78.58
2021-03-24 00:00:00+00:00,20.16,74.98
2021-03-25 00:00:00+00:00,19.73,74.69
2021-03-26 00:00:00+00:00,20.0,74.78
2021-03-29 00:00:00+00:00,20.16,72.25
2021-03-30 00:00:00+00:00,19.51,73.1
2021-03-31 00:00:00+00:00,19.8,74.53
2021-04-01 00:00:00+00:00,20.37,76.21
2021-04-05 00:00:00+00:00,20.63,75.61
2021-04-06 00:00:00+00:00,20.88,73.93
2021-04-07 00:00:00+00:00,20.67,71.83
2021-04-08 00:00:00+00:00,21.16,71.46
2021-04-09 00:00:00+00:00,21.21,70.54
2021-04-12 00:00:00+00:00,20.99,69.38
2021-04-13 00:00:00+00:00,21.1,69.99
2021-04-14 00:00:00+00:00,21.11,73.43
2021-04-15 00:00:00+00:00,21.98,72.63
2021-04-16 00:00:00+00:00,22.23,71.8
2021-04-19 00:00:00+00:00,22.11,70.32
2021-04-20 00:00:00+00:00,22.4,71.3
2021-04-21 00:00:00+00:00,22.74,72.16
2021-04-22 00:00:00+00:00,22.41,71.38
2021-04-23 00:00:00+00:00,22.21,70.94
2021-04-26 00:00:00+00:00,22.16,73.3
2021-04-27 00:00:00+00:00,21.64,70.51
2021-04-28 00:00:00+00:00,21.76,70.05
2021-04-29 00:00:00+00:00,21.35,71.41
2021-04-30 00:00:00+00:00,21.25,70.84
2021-05-03 00:00:00+00:00,22.23,77.11
2021-05-04 00:00:00+00:00,22.01,74.02
2021-05-05 00:00:00+00:00,22.25,72.77
2021-05-06 00:00:00+00:00,23.55,74.61
2021-05-07 00:00:00+00:00,23.92,74.57
2021-05-10 00:00:00+00:00,23.93,70.03
2021-05-11 00:00:00+00:00,23.95,71.02
2021-05-12 00:00:00+00:00,23.53,73.89
2021-05-13 00:00:00+00:00,23.58,72.51
2021-05-14 00:00:00+00:00,24.02,76.05
2021-05-17 00:00:00+00:00,25.27,75.13
2021-05-18 00:00:00+00:00,25.11,81.44
2021-05-19 00:00:00+00:00,24.59,76.92
2021-05-20 00:00:00+00:00,24.81,80.21
2021-05-21 00:00:00+00:00,24.7,79.58
2021-05-24 00:00:00+00:00,24.68,77.21
2021-05-25 00:00:00+00:00,24.58,75.1
2021-05-26 00:00:00+00:00,24.58,74.95
2021-05-27 00:00:00+00:00,23.86,76.86
2021-05-28 00:00:00+00:00,24.08,75.65
2021-06-01 00:00:00+00:00,24.26,75.66
2021-06-02 00:00:00+00:00,24.17,75.46
2021-06-03 00:00:00+00:00,23.21,73.76
2021-06-04 00:00:00+00:00,23.46,72.97
2021-06-07 00:00:00+00:00,23.41,79.59
2021-06-08 00:00:00+00:00,23.12,79.64
2021-06-09 00:00:00+00:00,23.01,82.71
2021-06-10 00:00:00+00:00,23.71,86.75
2021-06-11 00:00:00+00:00,23.23,86.0
2021-06-14 00:00:00+00:00,23.15,86.12
2021-06-15 00:00:00+00:00,22.79,83.14
2021-06-16 00:00:00+00:00,22.45,82.14
2021-06-17 00:00:00+00:00,21.03,80.09
2021-06-18 00:00:00+00:00,20.75,79.35
2021-06-21 00:00:00+00:00,21.15,78.8
2021-06-22 00:00:00+00:00,21.08,79.6
2021-06-23 00:00:00+00:00,20.96,78.36
2021-06-24 00:00:00+00:00,20.97,79.68
2021-06-25 00:00:00+00:00,20.89,80.4
2021-06-28 00:00:00+00:00,20.7,80.78
2021-06-29 00:00:00+00:00,20.53,78.82
2021-06-30 00:00:00+00:00,20.68,77.74
2021-07-01 00:00:00+00:00,20.58,78.27
2021-07-02 00:00:00+00:00,20.79,75.24
2021-07-06 00:00:00+00:00,21.29,73.23
2021-07-07 00:00:00+00:00,21.19,71.99
2021-07-08 00:00:00+00:00,20.72,72.94
2021-07-09 00:00:00+00:00,21.13,73.05
2021-07-12 00:00:00+00:00,20.83,70.69
2021-07-13 00:00:00+00:00,21.14,69.28
2021-07-14 00:00:00+00:00,21.33,66.85
2021-07-15 00:00:00+00:00,21.27,68.37
2021-07-16 00:00:00+00:00,20.86,67.05
2021-07-19 00:00:00+00:00,20.54,65.97
2021-07-20 00:00:00+00:00,20.72,69.27
2021-07-21 00:00:00+00:00,20.9,68.46
2021-07-22 00:00:00+00:00,20.74,69.11
2021-07-23 00:00:00+00:00,20.63,66.79
2021-07-26 00:00:00+00:00,20.82,66.58
2021-07-27 00:00:00+00:00,20.99,66.24
2021-07-28 00:00:00+00:00,21.34,69.06
2021-07-29 00:00:00+00:00,21.81,68.95
2021-07-30 00:00:00+00:00,21.77,67.78
2021-08-02 00:00:00+00:00,21.57,68.59
2021-08-03 00:00:00+00:00,21.72,69.04
2021-08-04 00:00:00+00:00,21.65,67.5
2021-08-05 00:00:00+00:00,21.26,78.54
2021-08-06 00:00:00+00:00,20.8,79.8
2021-08-09 00:00:00+00:00,20.56,78.42
2021-08-10 00:00:00+00:00,19.84,79.44
2021-08-11 00:00:00+00:00,20.31,80.89
2021-08-12 00:00:00+00:00,20.05,80.51
2021-08-13 00:00:00+00:00,20.27,79.94
2021-08-16 00:00:00+00:00,20.19,76.53
2021-08-17 00:00:00+00:00,19.97,77.89
2021-08-18 00:00:00+00:00,19.46,75.0
2021-08-19 00:00:00+00:00,19.13,73.97
2021-08-20 00:00:00+00:00,19.23,75.31
2021-08-23 00:00:00+00:00,20.15,73.32
2021-08-24 00:00:00+00:00,20.12,77.35
2021-08-25 00:00:00+00:00,19.85,79.94
2021-08-26 00:00:00+00:00,19.73,78.33
2021-08-27 00:00:00+00:00,20.24,78.69
2021-08-30 00:00:00+00:00,19.81,75.88
2021-08-31 00:00:00+00:00,20.07,78.12
2021-09-01 00:00:00+00:00,19.81,79.33
2021-09-02 00:00:00+00:00,19.87,79.45
2021-09-03 00:00:00+00:00,20.3,80.51
2021-09-07 00:00:00+00:00,19.85,78.57
2021-09-08 00:00:00+00:00,19.86,78.27
2021-09-09 00:00:00+00:00,19.69,80.51
2021-09-10 00:00:00+00:00,19.35,80.47
2021-09-13 00:00:00+00:00,19.47,81.84
2021-09-14 00:00:00+00:00,19.5,80.28
2021-09-15 00:00:00+00:00,19.36,84.05
2021-09-16 00:00:00+00:00,18.51,85.63
2021-09-17 00:00:00+00:00,18.36,86.38
2021-09-20 00:00:00+00:00,18.65,85.67
2021-09-21 00:00:00+00:00,18.49,87.62
2021-09-22 00:00:00+00:00,18.45,87.47
2021-09-23 00:00:00+00:00,18.23,90.54
2021-09-24 00:00:00+00:00,18.03,90.57
2021-09-27 00:00:00+00:00,17.95,91.08
2021-09-28 00:00:00+00:00,18.1,92.01
2021-09-29 00:00:00+00:00,17.58,88.77
2021-09-30 00:00:00+00:00,18.05,92.48
2021-10-01 00:00:00+00:00,17.99,96.05
2021-10-04 00:00:00+00:00,18.23,94.66
2021-10-05 00:00:00+00:00,18.15,95.18
2021-10-06 00:00:00+00:00,18.45,97.28
2021-10-07 00:00:00+00:00,18.59,95.0
2021-10-08 00:00:00+00:00,18.52,99.42
2021-10-11 00:00:00+00:00,18.44,91.29
2021-10-12 00:00:00+00:00,18.66,95.07
2021-10-13 00:00:00+00:00,19.23,83.22
2021-10-14 00:00:00+00:00,19.57,83.0
2021-10-15 00:00:00+00:00,19.13,84.19
2021-10-18 00:00:00+00:00,19.07,81.22
2021-10-19 00:00:00+00:00,19.31,80.44
2021-10-20 00:00:00+00:00,19.42,79.88
2021-10-21 00:00:00+00:00,19.37,80.92
2021-10-22 00:00:00+00:00,19.48,80.24
2021-10-25 00:00:00+00:00,19.55,79.69
2021-10-26 00:00:00+00:00,19.43,77.99
2021-10-27 00:00:00+00:00,19.39,77.28
2021-10-28 00:00:00+00:00,18.94,79.25
2021-10-29 00:00:00+00:00,18.37,79.13
2021-11-01 00:00:00+00:00,18.48,80.06
2021-11-02 00:00:00+00:00,18.47,81.53
2021-11-03 00:00:00+00:00,18.62,86.53
2021-11-04 00:00:00+00:00,18.75,86.97
2021-11-05 00:00:00+00:00,19.6,88.93
2021-11-08 00:00:00+00:00,19.48,89.17
2021-11-09 00:00:00+00:00,19.62,87.93
2021-11-10 00:00:00+00:00,20.46,86.12
2021-11-11 00:00:00+00:00,20.65,86.1
2021-11-12 00:00:00+00:00,20.75,84.94
2021-11-15 00:00:00+00:00,20.9,83.88
2021-11-16 00:00:00+00:00,20.6,83.0
2021-11-17 00:00:00+00:00,20.99,79.72
2021-11-18 00:00:00+00:00,20.56,80.91
2021-11-19 00:00:00+00:00,20.25,80.01
2021-11-22 00:00:00+00:00,19.79,78.34
2021-11-23 00:00:00+00:00,19.43,79.33
2021-11-24 00:00:00+00:00,19.39,80.98
2021-11-26 00:00:00+00:00,19.38,79.62
2021-11-29 00:00:00+00:00,19.15,79.86
2021-11-30 00:00:00+00:00,18.99,80.81
2021-12-01 00:00:00+00:00,18.39,82.19
2021-12-02 00:00:00+00:00,18.18,83.19
2021-12-03 00:00:00+00:00,18.22,78.5
2021-12-06 00:00:00+00:00,18.49,81.7
2021-12-07 00:00:00+00:00,18.56,85.33
2021-12-08 00:00:00+00:00,18.6,86.02
2021-12-09 00:00:00+00:00,18.17,85.46
2021-12-10 00:00:00+00:00,17.95,85.49
2021-12-13 00:00:00+00:00,17.97,84.61
2021-12-14 00:00:00+00:00,17.86,85.6
2021-12-15 00:00:00+00:00,17.65,87.33
2021-12-16 00:00:00+00:00,18.44,86.86
2021-12-17 00:00:00+00:00,18.39,87.9
2021-12-20 00:00:00+00:00,18.33,89.01
2021-12-21 00:00:00+00:00,18.39,91.13
2021-12-22 00:00:00+00:00,18.53,90.87
2021-12-23 00:00:00+00:00,18.57,91.56
2021-12-27 00:00:00+00:00,18.41,91.63
2021-12-28 00:00:00+00:00,18.37,90.11
2021-12-29 00:00:00+00:00,18.4,90.96
2021-12-30 00:00:00+00:00,18.82,90.59
2021-12-31 00:00:00+00:00,19.0,90.05
2022-01-03 00:00:00+00:00,18.54,90.42
2022-01-04 00:00:00+00:00,18.73,89.16
2022-01-05 00:00:00+00:00,18.57,84.09
2022-01-06 00:00:00+00:00,18.02,86.9
2022-01-07 00:00:00+00:00,18.1,85.5
2022-01-10 00:00:00+00:00,18.62,76.15
2022-01-11 00:00:00+00:00,18.86,76.34
2022-01-12 00:00:00+00:00,19.2,73.95
2022-01-13 00:00:00+00:00,18.83,72.39
2022-01-14 00:00:00+00:00,18.68,71.1
2022-01-18 00:00:00+00:00,18.56,66.12
2022-01-19 00:00:00+00:00,20.17,63.15
2022-01-20 00:00:00+00:00,19.91,64.59
2022-01-21 00:00:00+00:00,19.34,63.47
2022-01-24 00:00:00+00:00,19.37,67.3
2022-01-25 00:00:00+00:00,19.49,68.71
2022-01-26 00:00:00+00:00,19.03,70.24
2022-01-27 00:00:00+00:00,18.71,66.88
2022-01-28 00:00:00+00:00,18.56,69.69
2022-01-31 00:00:00+00:00,19.15,71.57
2022-02-01 00:00:00+00:00,19.09,74.25
2022-02-02 00:00:00+00:00,19.22,71.42
2022-02-03 00:00:00+00:00,19.06,69.48
2022-02-04 00:00:00+00:00,19.19,73.11
2022-02-07 00:00:00+00:00,19.58,75.95
2022-02-08 00:00:00+00:00,19.82,75.41
2022-02-09 00:00:00+00:00,19.73,78.89
2022-02-10 00:00:00+00:00,19.3,78.7
2022-02-11 00:00:00+00:00,20.68,80.23
2022-02-14 00:00:00+00:00,21.09,78.63
2022-02-15 00:00:00+00:00,20.68,81.35
2022-02-16 00:00:00+00:00,22.23,79.99
2022-02-17 00:00:00+00:00,23.23,76.64
2022-02-18 00:00:00+00:00,23.14,74.58
2022-02-22 00:00:00+00:00,22.76,75.04
2022-02-23 00:00:00+00:00,22.83,73.61
2022-02-24 00:00:00+00:00,22.54,75.82
2022-02-25 00:00:00+00:00,22.56,76.03
2022-02-28 00:00:00+00:00,22.57,76.61
2022-03-01 00:00:00+00:00,23.46,76.02
2022-03-02 00:00:00+00:00,23.15,79.56
2022-03-03 00:00:00+00:00,23.57,81.47
2022-03-04 00:00:00+00:00,24.2,79.36
2022-03-07 00:00:00+00:00,24.86,80.42
2022-03-08 00:00:00+00:00,25.36,83.18
2022-03-09 00:00:00+00:00,24.33,84.45
2022-03-10 00:00:00+00:00,24.49,82.29
2022-03-11 00:00:00+00:00,24.35,77.85
2022-03-14 00:00:00+00:00,23.64,74.54
2022-03-15 00:00:00+00:00,23.77,76.17
2022-03-16 00:00:00+00:00,23.61,76.5
2022-03-17 00:00:00+00:00,24.08,79.13
2022-03-18 00:00:00+00:00,23.87,81.04
2022-03-21 00:00:00+00:00,24.3,80.97
2022-03-22 00:00:00+00:00,24.23,82.16
2022-03-23 00:00:00+00:00,24.57,80.12
2022-03-24 00:00:00+00:00,24.5,80.44
2022-03-25 00:00:00+00:00,24.54,77.27
2022-03-28 00:00:00+00:00,24.23,76.07
2022-03-29 00:00:00+00:00,24.53,78.72
2022-03-30 00:00:00+00:00,24.85,78.59
2022-03-31 00:00:00+00:00,24.53,78.12
2022-04-01 00:00:00+00:00,24.94,82.56
2022-04-04 00:00:00+00:00,24.86,85.62
2022-04-05 00:00:00+00:00,24.46,86.67
2022-04-06 00:00:00+00:00,24.61,88.13
2022-04-07 00:00:00+00:00,24.9,88.44
2022-04-08 00:00:00+00:00,25.41,87.94
2022-04-11 00:00:00+00:00,25.4,84.34
2022-04-12 00:00:00+00:00,25.44,82.34
2022-04-13 00:00:00+00:00,25.58,83.24
2022-04-14 00:00:00+00:00,25.2,81.45
2022-04-18 00:00:00+00:00,25.38,80.02
2022-04-19 00:00:00+00:00,25.01,81.67
2022-04-20 00:00:00+00:00,25.25,81.07
2022-04-21 00:00:00+00:00,24.22,77.35
2022-04-22 00:00:00+00:00,23.73,76.4
2022-04-25 00:00:00+00:00,22.73,76.7
2022-04-26 00:00:00+00:00,22.37,72.81
2022-04-27 00:00:00+00:00,22.24,74.0
2022-04-28 00:00:00+00:00,22.43,74.16
2022-04-29 00:00:00+00:00,22.31,72.32
2022-05-02 00:00:00+00:00,22.16,73.78
2022-05-03 00:00:00+00:00,22.41,73.33
2022-05-04 00:00:00+00:00,23.19,72.75
2022-05-05 00:00:00+00:00,22.56,71.69
2022-05-06 00:00:00+00:00,22.42,70.16
2022-05-09 00:00:00+00:00,21.49,65.16
2022-05-10 00:00:00+00:00,21.29,65.42
2022-05-11 00:00:00+00:00,21.23,62.71
2022-05-12 00:00:00+00:00,20.34,63.28
2022-05-13 00:00:00+00:00,20.43,65.97
2022-05-16 00:00:00+00:00,20.52,67.53
2022-05-17 00:00:00+00:00,20.47,71.3
2022-05-18 00:00:00+00:00,19.75,68.47
2022-05-19 00:00:00+00:00,20.72,69.22
2022-05-20 00:00:00+00:00,20.76,71.13
2022-05-23 00:00:00+00:00,20.73,71.61
2022-05-24 00:00:00+00:00,21.31,68.84
2022-05-25 00:00:00+00:00,21.25,68.49
2022-05-26 00:00:00+00:00,20.63,70.9
2022-05-27 00:00:00+00:00,20.6,74.65
2022-05-31 00:00:00+00:00,20.49,72.82
2022-06-01 00:00:00+00:00,20.35,72.6
2022-06-02 00:00:00+00:00,20.97,72.58
2022-06-03 00:00:00+00:00,20.68,72.98
2022-06-06 00:00:00+00:00,20.51,70.01
2022-06-07 00:00:00+00:00,20.74,71.76
2022-06-08 00:00:00+00:00,20.77,72.26
2022-06-09 00:00:00+00:00,20.09,70.74
2022-06-10 00:00:00+00:00,21.03,69.15
2022-06-13 00:00:00+00:00,20.12,67.0
2022-06-14 00:00:00+00:00,19.47,64.53
2022-06-15 00:00:00+00:00,19.56,64.5
2022-06-16 00:00:00+00:00,20.03,62.69
2022-06-17 00:00:00+00:00,19.55,66.97
2022-06-21 00:00:00+00:00,19.58,68.57
2022-06-22 00:00:00+00:00,19.4,68.31
2022-06-23 00:00:00+00:00,18.55,71.82
2022-06-24 00:00:00+00:00,18.78,75.22
2022-06-27 00:00:00+00:00,19.04,76.3
2022-06-28 00:00:00+00:00,18.55,74.67
2022-06-29 00:00:00+00:00,18.39,77.07
2022-06-30 00:00:00+00:00,17.69,74.96
2022-07-01 00:00:00+00:00,18.06,75.71
2022-07-05 00:00:00+00:00,17.42,75.74
2022-07-06 00:00:00+00:00,17.22,75.97
2022-07-07 00:00:00+00:00,17.25,79.7
2022-07-08 00:00:00+00:00,17.18,80.47
2022-07-11 00:00:00+00:00,16.98,80.12
2022-07-12 00:00:00+00:00,16.44,79.11
2022-07-13 00:00:00+00:00,16.49,81.17
2022-07-14 00:00:00+00:00,15.77,82.25
2022-07-15 00:00:00+00:00,15.66,83.59
2022-07-18 00:00:00+00:00,15.82,84.43
2022-07-19 00:00:00+00:00,16.03,84.7
2022-07-20 00:00:00+00:00,15.45,85.45
2022-07-21 00:00:00+00:00,15.5,84.66
2022-07-22 00:00:00+00:00,15.33,83.99
2022-07-25 00:00:00+00:00,14.91,83.2
2022-07-26 00:00:00+00:00,15.27,82.54
2022-07-27 00:00:00+00:00,15.41,85.86
2022-07-28 00:00:00+00:00,15.63,85.93
2022-07-29 00:00:00+00:00,15.74,92.95
2022-08-01 00:00:00+00:00,15.72,91.55
2022-08-02 00:00:00+00:00,15.52,94.01
2022-08-03 00:00:00+00:00,15.2,96.11
2022-08-04 00:00:00+00:00,15.78,101.45
2022-08-05 00:00:00+00:00,15.6,106.02
2022-08-08 00:00:00+00:00,16.2,111.47
2022-08-09 00:00:00+00:00,16.44,109.1
2022-08-10 00:00:00+00:00,16.53,113.07
2022-08-11 00:00:00+00:00,16.4,109.26
2022-08-12 00:00:00+00:00,16.74,109.0
2022-08-15 00:00:00+00:00,16.67,109.04
2022-08-16 00:00:00+00:00,16.85,107.83
2022-08-17 00:00:00+00:00,16.45,109.0
2022-08-18 00:00:00+00:00,16.41,108.65
2022-08-19 00:00:00+00:00,16.07,107.86
2022-08-22 00:00:00+00:00,16.17,107.73
2022-08-23 00:00:00+00:00,16.21,109.09
2022-08-24 00:00:00+00:00,16.35,114.75
2022-08-25 00:00:00+00:00,16.37,113.81
2022-08-26 00:00:00+00:00,15.48,111.89
2022-08-29 00:00:00+00:00,15.35,110.28
2022-08-30 00:00:00+00:00,14.99,109.31
2022-08-31 00:00:00+00:00,14.85,109.38
2022-09-01 00:00:00+00:00,14.59,110.08
2022-09-02 00:00:00+00:00,14.9,109.38
2022-09-06 00:00:00+00:00,14.83,108.68
2022-09-07 00:00:00+00:00,15.36,112.9
2022-09-08 00:00:00+00:00,15.61,119.24
2022-09-09 00:00:00+00:00,15.92,118.44
2022-09-12 00:00:00+00:00,15.96,116.55
2022-09-13 00:00:00+00:00,15.55,105.16
2022-09-14 00:00:00+00:00,15.6,107.57
2022-09-15 00:00:00+00:00,15.14,110.68
2022-09-16 00:00:00+00:00,15.3,111.99
2022-09-19 00:00:00+00:00,15.5,115.25
2022-09-20 00:00:00+00:00,15.05,113.9
2022-09-21 00:00:00+00:00,15.18,110.14
2022-09-22 00:00:00+00:00,15.07,110.87
2022-09-23 00:00:00+00:00,14.48,108.19
2022-09-26 00:00:00+00:00,14.19,106.15
2022-09-27 00:00:00+00:00,14.1,108.33
2022-09-28 00:00:00+00:00,14.95,109.91
2022-09-29 00:00:00+00:00,15.1,109.63
2022-09-30 00:00:00+00:00,15.5,110.54
2022-10-03 00:00:00+00:00,15.92,109.94
2022-10-04 00:00:00+00:00,16.05,111.47
2022-10-05 00:00:00+00:00,15.9,110.62
2022-10-06 00:00:00+00:00,16.15,114.82
2022-10-07 00:00:00+00:00,15.48,111.34
2022-10-10 00:00:00+00:00,15.27,108.7
2022-10-11 00:00:00+00:00,15.01,108.98
2022-10-12 00:00:00+00:00,15.06,112.13
2022-10-13 00:00:00+00:00,14.67,112.97
2022-10-14 00:00:00+00:00,14.16,112.45
2022-10-17 00:00:00+00:00,14.61,114.41
2022-10-18 00:00:00+00:00,14.79,116.83
2022-10-19 00:00:00+00:00,14.45,112.25
2022-10-20 00:00:00+00:00,14.51,112.11
2022-10-21 00:00:00+00:00,15.01,112.7
2022-10-24 00:00:00+00:00,15.05,110.6
2022-10-25 00:00:00+00:00,15.26,112.1
2022-10-26 00:00:00+00:00,15.7,114.31
2022-10-27 00:00:00+00:00,15.48,111.74
2022-10-28 00:00:00+00:00,15.31,115.28
2022-10-31 00:00:00+00:00,15.03,114.02
2022-11-01 00:00:00+00:00,15.14,114.08
2022-11-02 00:00:00+00:00,14.34,113.42
2022-11-03 00:00:00+00:00,13.1,105.01
2022-11-04 00:00:00+00:00,14.2,103.63
2022-11-07 00:00:00+00:00,14.57,100.39
2022-11-08 00:00:00+00:00,15.61,105.16
2022-11-09 00:00:00+00:00,15.35,103.94
2022-11-10 00:00:00+00:00,16.43,106.88
2022-11-11 00:00:00+00:00,16.44,106.9
2022-11-14 00:00:00+00:00,16.19,108.23
2022-11-15 00:00:00+00:00,16.0,109.68
2022-11-16 00:00:00+00:00,15.79,109.27
2022-11-17 00:00:00+00:00,15.57,109.96
2022-11-18 00:00:00+00:00,15.62,112.0
2022-11-21 00:00:00+00:00,15.35,110.55
2022-11-22 00:00:00+00:00,16.01,111.98
2022-11-23 00:00:00+00:00,16.23,114.74
2022-11-25 00:00:00+00:00,16.02,114.57
2022-11-28 00:00:00+00:00,15.5,118.13
2022-11-29 00:00:00+00:00,15.87,117.1
2022-11-30 00:00:00+00:00,16.32,122.81
2022-12-01 00:00:00+00:00,17.09,122.98
2022-12-02 00:00:00+00:00,16.98,126.25
2022-12-05 00:00:00+00:00,16.52,122.96
2022-12-06 00:00:00+00:00,16.45,120.1
2022-12-07 00:00:00+00:00,16.86,119.76
2022-12-08 00:00:00+00:00,16.8,119.34
2022-12-09 00:00:00+00:00,16.58,118.36
2022-12-12 00:00:00+00:00,16.73,121.51
2022-12-13 00:00:00+00:00,17.44,122.88
2022-12-14 00:00:00+00:00,17.39,126.32
2022-12-15 00:00:00+00:00,16.65,124.65
2022-12-16 00:00:00+00:00,16.9,123.56
2022-12-19 00:00:00+00:00,16.55,123.0
2022-12-20 00:00:00+00:00,17.28,127.44
2022-12-21 00:00:00+00:00,17.5,131.41
2022-12-22 00:00:00+00:00,17.3,132.13
2022-12-23 00:00:00+00:00,17.39,129.95
2022-12-27 00:00:00+00:00,17.77,126.63
2022-12-28 00:00:00+00:00,17.21,126.37
2022-12-29 00:00:00+00:00,17.25,127.26
2022-12-30 00:00:00+00:00,17.18,129.58
2023-01-03 00:00:00+00:00,17.83,124.84
2023-01-04 00:00:00+00:00,18.88,124.98
2023-01-05 00:00:00+00:00,18.78,121.61
2023-01-06 00:00:00+00:00,19.04,122.27
2023-01-09 00:00:00+00:00,18.97,117.53
2023-01-10 00:00:00+00:00,19.39,119.13
2023-01-11 00:00:00+00:00,19.22,120.13
2023-01-12 00:00:00+00:00,19.43,121.6
2023-01-13 00:00:00+00:00,19.64,126.7
2023-01-17 00:00:00+00:00,18.75,130.0
2023-01-18 00:00:00+00:00,18.38,128.75
2023-01-19 00:00:00+00:00,18.72,127.8
2023-01-20 00:00:00+00:00,18.97,130.22
2023-01-23 00:00:00+00:00,19.23,128.33
2023-01-24 00:00:00+00:00,19.42,128.37
2023-01-25 00:00:00+00:00,19.79,123.16
2023-01-26 00:00:00+00:00,19.69,124.47
2023-01-27 00:00:00+00:00,19.67,122.89
2023-01-30 00:00:00+00:00,19.48,120.86
2023-01-31 00:00:00+00:00,19.55,124.97
2023-02-01 00:00:00+00:00,19.95,122.36
2023-02-02 00:00:00+00:00,19.4,120.25
2023-02-03 00:00:00+00:00,18.32,119.0
2023-02-06 00:00:00+00:00,18.35,117.84
2023-02-07 00:00:00+00:00,18.5,120.79
2023-02-08 00:00:00+00:00,18.34,121.36
2023-02-09 00:00:00+00:00,17.81,121.13
2023-02-10 00:00:00+00:00,17.93,120.45
2023-02-13 00:00:00+00:00,17.93,120.2
2023-02-14 00:00:00+00:00,17.81,120.36
2023-02-15 00:00:00+00:00,17.17,124.72
2023-02-16 00:00:00+00:00,16.95,122.05
2023-02-17 00:00:00+00:00,16.74,124.57
2023-02-21 00:00:00+00:00,16.59,121.91
2023-02-22 00:00:00+00:00,16.21,126.49
2023-02-23 00:00:00+00:00,16.07,124.82
2023-02-24 00:00:00+00:00,16.0,123.06
2023-02-27 00:00:00+00:00,15.97,118.13
2023-02-28 00:00:00+00:00,16.12,122.13
2023-03-01 00:00:00+00:00,16.31,145.63
2023-03-02 00:00:00+00:00,16.38,153.0
2023-03-03 00:00:00+00:00,16.52,155.61
2023-03-06 00:00:00+00:00,16.3,155.99
2023-03-07 00:00:00+00:00,15.77,155.61
2023-03-08 00:00:00+00:00,15.62,152.96
2023-03-09 00:00:00+00:00,15.57,148.44
2023-03-10 00:00:00+00:00,15.91,143.92
2023-03-13 00:00:00+00:00,17.02,142.77
2023-03-14 00:00:00+00:00,17.07,144.9
2023-03-15 00:00:00+00:00,17.48,145.47
2023-03-16 00:00:00+00:00,17.4,149.67
2023-03-17 00:00:00+00:00,18.12,122.69
2023-03-20 00:00:00+00:00,18.24,131.38
2023-03-21 00:00:00+00:00,17.69,131.17
2023-03-22 00:00:00+00:00,18.0,129.11
2023-03-23 00:00:00+00:00,18.3,128.38
2023-03-24 00:00:00+00:00,18.52,130.19
2023-03-27 00:00:00+00:00,18.5,131.14
2023-03-28 00:00:00+00:00,18.66,133.9
2023-03-29 00:00:00+00:00,18.54,136.56
2023-03-30 00:00:00+00:00,18.6,136.03
2023-03-31 00:00:00+00:00,18.57,137.83
2023-04-03 00:00:00+00:00,18.79,137.55
2023-04-04 00:00:00+00:00,19.62,138.58
2023-04-05 00:00:00+00:00,19.68,137.54
2023-04-06 00:00:00+00:00,19.73,142.6
2023-04-10 00:00:00+00:00,19.46,140.38
2023-04-11 00:00:00+00:00,19.42,139.1
2023-04-12 00:00:00+00:00,19.63,137.68
2023-04-13 00:00:00+00:00,20.05,124.72
2023-04-14 00:00:00+00:00,19.67,122.63
2023-04-17 00:00:00+00:00,19.37,125.21
2023-04-18 00:00:00+00:00,19.42,125.55
2023-04-19 00:00:00+00:00,19.24,124.12
2023-04-20 00:00:00+00:00,19.2,126.27
2023-04-21 00:00:00+00:00,19.07,127.98
2023-04-24 00:00:00+00:00,19.07,126.68
2023-04-25 00:00:00+00:00,19.19,123.295
2023-04-26 00:00:00+00:00,18.99,122.28
2023-04-27 00:00:00+00:00,19.17,122.13
2023-04-28 00:00:00+00:00,19.04,122.77
2023-05-01 00:00:00+00:00,19.0,125.11
2023-05-02 00:00:00+00:00,19.79,123.69
2023-05-03 00:00:00+00:00,19.98,125.43
2023-05-04 00:00:00+00:00,20.43,130.17
2023-05-05 00:00:00+00:00,20.2,131.0
2023-05-08 00:00:00+00:00,19.85,126.81
2023-05-09 00:00:00+00:00,19.78,125.37
2023-05-10 00:00:00+00:00,19.77,121.27
2023-05-11 00:00:00+00:00,19.03,120.2
2023-05-12 00:00:00+00:00,19.18,120.2
2023-05-15 00:00:00+00:00,19.35,157.19
2023-05-16 00:00:00+00:00,18.76,149.14
2023-05-17 00:00:00+00:00,18.43,148.77
2023-05-18 00:00:00+00:00,17.81,146.43
2023-05-19 00:00:00+00:00,17.86,149.1
2023-05-22 00:00:00+00:00,17.79,149.07
2023-05-23 00:00:00+00:00,17.75,146.91
2023-05-24 00:00:00+00:00,17.48,131.36
2023-05-25 00:00:00+00:00,17.09,128.86
2023-05-26 00:00:00+00:00,16.99,126.82
2023-05-30 00:00:00+00:00,16.78,124.82
2023-05-31 00:00:00+00:00,16.88,123.6
2023-06-01 00:00:00+00:00,17.45,124.28
2023-06-02 00:00:00+00:00,17.31,125.16
2023-06-05 00:00:00+00:00,17.19,126.17
2023-06-06 00:00:00+00:00,17.13,128.6
2023-06-07 00:00:00+00:00,16.98,127.9
2023-06-08 00:00:00+00:00,17.15,125.91
2023-06-09 00:00:00+00:00,17.0,127.67
2023-06-12 00:00:00+00:00,16.9,130.07
2023-06-13 00:00:00+00:00,16.81,129.85
2023-06-14 00:00:00+00:00,16.78,130.42
2023-06-15 00:00:00+00:00,16.49,131.61
2023-06-16 00:00:00+00:00,16.71,130.44
2023-06-20 00:00:00+00:00,16.05,131.4
2023-06-21 00:00:00+00:00,16.13,126.87
2023-06-22 00:00:00+00:00,16.41,123.92
2023-06-23 00:00:00+00:00,16.46,114.09
2023-06-26 00:00:00+00:00,16.57,108.28
2023-06-27 00:00:00+00:00,16.66,106.4
2023-06-28 00:00:00+00:00,16.6,111.91
2023-06-29 00:00:00+00:00,16.63,112.24
2023-06-30 00:00:00+00:00,16.93,114.52
2023-07-03 00:00:00+00:00,17.09,113.49
2023-07-05 00:00:00+00:00,16.7,111.89
2023-07-06 00:00:00+00:00,16.22,110.0
2023-07-07 00:00:00+00:00,16.34,109.0
2023-07-10 00:00:00+00:00,16.53,109.5
2023-07-11 00:00:00+00:00,16.71,108.5
2023-07-12 00:00:00+00:00,17.48,107.99
2023-07-13 00:00:00+00:00,17.6,108.5
2023-07-14 00:00:00+00:00,17.35,107.835
2023-07-17 00:00:00+00:00,17.36,107.29
2023-07-18 00:00:00+00:00,17.65,106.62
2023-07-19 00:00:00+00:00,17.65,105.91
2023-07-20 00:00:00+00:00,17.28,104.81
2023-07-21 00:00:00+00:00,17.4,105.87
2023-07-24 00:00:00+00:00,17.38,104.49
2023-07-25 00:00:00+00:00,17.53,104.26
2023-07-26 00:00:00+00:00,17.25,104.13
2023-07-27 00:00:00+00:00,16.78,105.52
2023-07-28 00:00:00+00:00,16.98,108.53
2023-07-31 00:00:00+00:00,17.29,108.4
2023-08-01 00:00:00+00:00,17.03,107.53
2023-08-02 00:00:00+00:00,16.54,105.19
2023-08-03 00:00:00+00:00,16.31,107.35
2023-08-04 00:00:00+00:00,16.49,105.31
2023-08-07 00:00:00+00:00,16.5,102.5
2023-08-08 00:00:00+00:00,16.45,103.1
2023-08-09 00:00:00+00:00,16.48,103.36
2023-08-10 00:00:00+00:00,16.66,106.0
2023-08-11 00:00:00+00:00,16.91,108.02
2023-08-14 00:00:00+00:00,16.67,112.41
2023-08-15 00:00:00+00:00,16.02,114.08
2023-08-16 00:00:00+00:00,15.77,113.97
2023-08-17 00:00:00+00:00,15.66,110.92
2023-08-18 00:00:00+00:00,15.61,111.89
2023-08-21 00:00:00+00:00,15.71,113.76
2023-08-22 00:00:00+00:00,15.84,113.69
2023-08-23 00:00:00+00:00,16.11,114.46
2023-08-24 00:00:00+00:00,15.97,116.0
2023-08-25 00:00:00+00:00,15.91,119.0
2023-08-28 00:00:00+00:00,16.19,118.6
2023-08-29 00:00:00+00:00,16.34,120.02
2023-08-30 00:00:00+00:00,16.35,119.73
2023-08-31 00:00:00+00:00,16.21,121.01
2023-09-01 00:00:00+00:00,16.12,122.51
2023-09-05 00:00:00+00:00,15.92,120.57
2023-09-06 00:00:00+00:00,15.84,122.86
2023-09-07 00:00:00+00:00,15.79,122.0
2023-09-08 00:00:00+00:00,15.78,119.91
2023-09-11 00:00:00+00:00,16.07,118.4
2023-09-12 00:00:00+00:00,16.05,119.85
2023-09-13 00:00:00+00:00,16.12,118.98
2023-09-14 00:00:00+00:00,16.33,119.72
2023-09-15 00:00:00+00:00,16.64,118.4
2023-09-18 00:00:00+00:00,16.68,118.05
2023-09-19 00:00:00+00:00,16.33,119.11
2023-09-20 00:00:00+00:00,16.42,117.97
2023-09-21 00:00:00+00:00,16.03,119.55
2023-09-22 00:00:00+00:00,15.79,119.93
2023-09-25 00:00:00+00:00,15.55,114.74
2023-09-26 00:00:00+00:00,15.21,119.41
2023-09-27 00:00:00+00:00,14.64,123.44
2023-09-28 00:00:00+00:00,14.56,123.59
2023-09-29 00:00:00+00:00,14.55,121.22
2023-10-02 00:00:00+00:00,14.23,118.59
2023-10-03 00:00:00+00:00,14.19,120.45
2023-10-04 00:00:00+00:00,14.2,117.81
2023-10-05 00:00:00+00:00,14.37,121.41
2023-10-06 00:00:00+00:00,14.58,123.94
2023-10-09 00:00:00+00:00,14.85,123.43
2023-10-10 00:00:00+00:00,14.96,122.86
2023-10-11 00:00:00+00:00,15.22,124.76
2023-10-12 00:00:00+00:00,15.14,117.21
2023-10-13 00:00:00+00:00,15.74,117.96
2023-10-16 00:00:00+00:00,15.81,117.55
2023-10-17 00:00:00+00:00,16.42,118.65
2023-10-18 00:00:00+00:00,16.54,113.82
2023-10-19 00:00:00+00:00,16.61,113.0
2023-10-20 00:00:00+00:00,16.89,111.2
2023-10-23 00:00:00+00:00,16.55,111.4
2023-10-24 00:00:00+00:00,16.56,113.42
2023-10-25 00:00:00+00:00,16.58,107.24
2023-10-26 00:00:00+00:00,16.3,111.6
2023-10-27 00:00:00+00:00,16.33,106.83
2023-10-30 00:00:00+00:00,16.11,107.65
2023-10-31 00:00:00+00:00,15.98,67.31
2023-11-01 00:00:00+00:00,16.03,76.52
2023-11-02 00:00:00+00:00,16.05,77.76
2023-11-03 00:00:00+00:00,16.48,78.01
2023-11-06 00:00:00+00:00,16.29,80.1
2023-11-07 00:00:00+00:00,15.76,82.93
2023-11-08 00:00:00+00:00,15.17,80.69
2023-11-09 00:00:00+00:00,15.3,79.15
2023-11-10 00:00:00+00:00,15.22,79.45
2023-11-13 00:00:00+00:00,15.13,79.67
2023-11-14 00:00:00+00:00,15.71,82.5
2023-11-15 00:00:00+00:00,15.61,83.76
2023-11-16 00:00:00+00:00,15.88,82.98
2023-11-17 00:00:00+00:00,15.71,83.15
2023-11-20 00:00:00+00:00,15.79,83.06
2023-11-21 00:00:00+00:00,16.19,84.08
2023-11-22 00:00:00+00:00,16.24,83.77
2023-11-24 00:00:00+00:00,16.23,82.87
2023-11-27 00:00:00+00:00,16.57,82.58
2023-11-28 00:00:00+00:00,17.44,82.61
2023-11-29 00:00:00+00:00,17.39,80.4
2023-11-30 00:00:00+00:00,17.59,81.28
2023-12-01 00:00:00+00:00,17.73,84.44
2023-12-04 00:00:00+00:00,17.53,86.12
2023-12-05 00:00:00+00:00,17.42,88.14
2023-12-06 00:00:00+00:00,17.36,87.38
2023-12-07 00:00:00+00:00,17.22,88.41
2023-12-08 00:00:00+00:00,16.79,87.03
2023-12-11 00:00:00+00:00,16.67,87.71
2023-12-12 00:00:00+00:00,16.34,86.81
2023-12-13 00:00:00+00:00,17.43,92.11
2023-12-14 00:00:00+00:00,17.65,94.52
2023-12-15 00:00:00+00:00,17.51,92.99
2023-12-18 00:00:00+00:00,17.73,93.93
2023-12-19 00:00:00+00:00,18.09,95.54
2023-12-20 00:00:00+00:00,17.77,90.29
2023-12-21 00:00:00+00:00,17.97,90.75
2023-12-22 00:00:00+00:00,18.16,94.54
2023-12-26 00:00:00+00:00,18.17,96.31
2023-12-27 00:00:00+00:00,18.47,96.84
2023-12-28 00:00:00+00:00,18.09,97.78
2023-12-29 00:00:00+00:00,18.09,96.43
2024-01-02 00:00:00+00:00,17.88,96.21
2024-01-03 00:00:00+00:00,17.33,93.7
2024-01-04 00:00:00+00:00,17.35,94.28
2024-01-05 00:00:00+00:00,17.49,97.34
2024-01-08 00:00:00+00:00,17.69,102.61
2024-01-09 00:00:00+00:00,17.4,119.77
2024-01-10 00:00:00+00:00,17.34,119.19
2024-01-11 00:00:00+00:00,17.15,116.06
2024-01-12 00:00:00+00:00,17.64,116.8
2024-01-16 00:00:00+00:00,15.96,115.39
2024-01-17 00:00:00+00:00,15.56,117.05
2024-01-18 00:00:00+00:00,15.53,116.8
2024-01-19 00:00:00+00:00,15.61,115.64
2024-01-22 00:00:00+00:00,15.59,121.05
2024-01-23 00:00:00+00:00,15.99,121.13
2024-01-24 00:00:00+00:00,15.53,120.22
2024-01-25 00:00:00+00:00,15.59,120.02
2024-01-26 00:00:00+00:00,15.53,118.73
2024-01-29 00:00:00+00:00,15.7,120.5
2024-01-30 00:00:00+00:00,15.68,119.09
2024-01-31 00:00:00+00:00,15.6,118.99
2024-02-01 00:00:00+00:00,15.89,122.83
2024-02-02 00:00:00+00:00,15.41,121.27
2024-02-05 00:00:00+00:00,15.17,125.55
2024-02-06 00:00:00+00:00,15.03,126.41
2024-02-07 00:00:00+00:00,14.93,126.05
2024-02-08 00:00:00+00:00,14.82,127.38
2024-02-09 00:00:00+00:00,14.67,126.87
2024-02-12 00:00:00+00:00,14.73,127.32
2024-02-13 00:00:00+00:00,14.15,124.225
2024-02-14 00:00:00+00:00,14.06,124.3
2024-02-15 00:00:00+00:00,14.6,124.89
2024-02-16 00:00:00+00:00,14.65,134.61
2024-02-20 00:00:00+00:00,14.73,136.14
2024-02-21 00:00:00+00:00,14.75,132.29
2024-02-22 00:00:00+00:00,14.39,134.78
2024-02-23 00:00:00+00:00,14.74,136.54
2024-02-26 00:00:00+00:00,14.65,137.65
2024-02-27 00:00:00+00:00,14.51,141.53
2024-02-28 00:00:00+00:00,14.33,137.5
2024-02-29 00:00:00+00:00,14.66,127.9
2024-03-01 00:00:00+00:00,14.94,128.67
2024-03-04 00:00:00+00:00,15.46,123.88
2024-03-05 00:00:00+00:00,15.53,122.85
2024-03-06 00:00:00+00:00,15.71,120.31
2024-03-07 00:00:00+00:00,15.9,120.79
2024-03-08 00:00:00+00:00,15.76,124.43
2024-03-11 00:00:00+00:00,15.87,121.58
2024-03-12 00:00:00+00:00,15.64,122.0
2024-03-13 00:00:00+00:00,15.98,121.96
2024-03-14 00:00:00+00:00,15.76,123.76
2024-03-15 00:00:00+00:00,15.76,123.05
2024-03-18 00:00:00+00:00,15.63,123.97
2024-03-19 00:00:00+00:00,15.25,124.06
2024-03-20 00:00:00+00:00,15.68,126.08
2024-03-21 00:00:00+00:00,15.81,124.94
2024-03-22 00:00:00+00:00,15.52,127.54
2024-03-25 00:00:00+00:00,15.57,127.94
2024-03-26 00:00:00+00:00,15.52,128.25
2024-03-27 00:00:00+00:00,16.21,130.23
2024-03-28 00:00:00+00:00,16.64,129.46
2024-04-01 00:00:00+00:00,16.86,128.4
2024-04-02 00:00:00+00:00,17.18,127.0
2024-04-03 00:00:00+00:00,17.42,126.92
2024-04-04 00:00:00+00:00,17.39,125.79
2024-04-05 00:00:00+00:00,17.86,126.08
2024-04-08 00:00:00+00:00,17.7,126.39
2024-04-09 00:00:00+00:00,18.01,126.98
2024-04-10 00:00:00+00:00,17.9,126.31
2024-04-11 00:00:00+00:00,18.04,124.45
2024-04-12 00:00:00+00:00,17.86,122.87
2024-04-15 00:00:00+00:00,17.37,118.31
2024-04-16 00:00:00+00:00,16.48,117.29
2024-04-17 00:00:00+00:00,16.7,117.89
2024-04-18 00:00:00+00:00,16.98,116.55
2024-04-19 00:00:00+00:00,17.1,115.62
2024-04-22 00:00:00+00:00,16.42,116.96
2024-04-23 00:00:00+00:00,16.69,117.12
2024-04-24 00:00:00+00:00,16.52,124.25
2024-04-25 00:00:00+00:00,17.08,127.39
2024-04-26 00:00:00+00:00,17.09,128.77
2024-04-29 00:00:00+00:00,17.32,128.8
2024-04-30 00:00:00+00:00,16.64,126.66
2024-05-01 00:00:00+00:00,16.36,130.9
2024-05-02 00:00:00+00:00,16.55,130.63
2024-05-03 00:00:00+00:00,16.46,133.66
2024-05-06 00:00:00+00:00,16.67,135.04
2024-05-07 00:00:00+00:00,16.74,136.04
2024-05-08 00:00:00+00:00,16.72,132.58
2024-05-09 00:00:00+00:00,17.03,132.3
2024-05-10 00:00:00+00:00,16.93,131.82
2024-05-13 00:00:00+00:00,16.94,131.7
2024-05-14 00:00:00+00:00,17.15,132.66
2024-05-15 00:00:00+00:00,17.42,132.5
2024-05-16 00:00:00+00:00,17.52,132.74
2024-05-17 00:00:00+00:00,17.885,131.38
2024-05-20 00:00:00+00:00,17.92,130.83
2024-05-21 00:00:00+00:00,17.8,129.12
2024-05-22 00:00:00+00:00,17.29,128.3
2024-05-23 00:00:00+00:00,16.94,127.13
2024-05-24 00:00:00+00:00,17.02,123.46
2024-05-28 00:00:00+00:00,17.44,113.33
2024-05-29 00:00:00+00:00,16.92,116.24
2024-05-30 00:00:00+00:00,17.11,124.45
2024-05-31 00:00:00+00:00,17.09,129.86
2024-06-03 00:00:00+00:00,17.07,124.23
2024-06-04 00:00:00+00:00,16.49,119.75
2024-06-05 00:00:00+00:00,16.7,119.79
2024-06-06 00:00:00+00:00,17.32,117.44
2024-06-07 00:00:00+00:00,16.15,123.32
2024-06-10 00:00:00+00:00,16.45,122.59
2024-06-11 00:00:00+00:00,16.18,121.38
2024-06-12 00:00:00+00:00,16.4,119.98
2024-06-13 00:00:00+00:00,16.07,125.0
2024-06-14 00:00:00+00:00,16.03,122.84
2024-06-17 00:00:00+00:00,16.14,116.83
2024-06-18 00:00:00+00:00,16.41,117.52
2024-06-20 00:00:00+00:00,16.96,123.5
2024-06-21 00:00:00+00:00,16.56,160.72
2024-06-24 00:00:00+00:00,16.72,163.85
2024-06-25 00:00:00+00:00,16.59,158.06
2024-06-26 00:00:00+00:00,16.8,156.91
2024-06-27 00:00:00+00:00,16.84,157.96
2024-06-28 00:00:00+00:00,16.68,158.0
2024-07-01 00:00:00+00:00,16.56,156.75
2024-07-02 00:00:00+00:00,16.62,154.2
2024-07-03 00:00:00+00:00,17.3,153.11
2024-07-05 00:00:00+00:00,17.44,151.73
2024-07-08 00:00:00+00:00,17.38,151.475
2024-07-09 00:00:00+00:00,17.44,150.25
2024-07-10 00:00:00+00:00,17.78,149.25
2024-07-11 00:00:00+00:00,18.13,152.11
2024-07-12 00:00:00+00:00,18.525,152.11
2024-07-15 00:00:00+00:00,18.36,152.67
2024-07-16 00:00:00+00:00,19.25,148.98
2024-07-17 00:00:00+00:00,18.88,146.9
2024-07-18 00:00:00+00:00,18.54,143.78
2024-07-19 00:00:00+00:00,18.39,145.61
2024-07-22 00:00:00+00:00,18.36,146.35
2024-07-23 00:00:00+00:00,18.57,147.64
2024-07-24 00:00:00+00:00,18.46,146.0
2024-07-25 00:00:00+00:00,17.72,147.56
2024-07-26 00:00:00+00:00,17.79,144.24
2024-07-29 00:00:00+00:00,17.97,146.03
2024-07-30 00:00:00+00:00,18.14,143.04
2024-07-31 00:00:00+00:00,18.51,142.24
2024-08-01 00:00:00+00:00,18.24,144.01
2024-08-02 00:00:00+00:00,17.91,143.94
2024-08-05 00:00:00+00:00,17.18,140.65
2024-08-06 00:00:00+00:00,17.39,142.85
2024-08-07 00:00:00+00:00,16.81,140.06
2024-08-08 00:00:00+00:00,17.34,136.4
2024-08-09 00:00:00+00:00,17.41,125.34
2024-08-12 00:00:00+00:00,18.99,128.65
2024-08-13 00:00:00+00:00,19.13,133.46
2024-08-14 00:00:00+00:00,19.16,133.08
2024-08-15 00:00:00+00:00,19.05,133.34
2024-08-16 00:00:00+00:00,19.71,133.46
2024-08-19 00:00:00+00:00,20.21,137.28
2024-08-20 00:00:00+00:00,20.41,140.49
2024-08-21 00:00:00+00:00,20.62,143.45
2024-08-22 00:00:00+00:00,20.24,141.43
2024-08-23 00:00:00+00:00,20.5,140.56
2024-08-26 00:00:00+00:00,20.47,140.35
2024-08-27 00:00:00+00:00,20.45,140.65
2024-08-28 00:00:00+00:00,19.95,138.91
2024-08-29 00:00:00+00:00,20.32,137.25
2024-08-30 00:00:00+00:00,20.19,135.78
2024-09-03 00:00:00+00:00,19.6,135.1
2024-09-04 00:00:00+00:00,19.32,134.79
2024-09-05 00:00:00+00:00,19.46,133.77
2024-09-06 00:00:00+00:00,19.0,128.92
2024-09-09 00:00:00+00:00,19.28,127.69
2024-09-10 00:00:00+00:00,19.6,126.94
2024-09-11 00:00:00+00:00,19.76,128.39
2024-09-12 00:00:00+00:00,20.58,125.34
2024-09-13 00:00:00+00:00,20.84,124.65
2024-09-16 00:00:00+00:00,20.52,124.33
2024-09-17 00:00:00+00:00,20.48,125.69
2024-09-18 00:00:00+00:00,20.06,125.01
2024-09-19 00:00:00+00:00,20.23,127.1
2024-09-20 00:00:00+00:00,20.38,127.21
2024-09-23 00:00:00+00:00,20.21,124.79
2024-09-24 00:00:00+00:00,20.43,125.49
2024-09-25 00:00:00+00:00,20.7,124.62
2024-09-26 00:00:00+00:00,21.01,124.84
2024-09-27 00:00:00+00:00,20.23,124.53
2024-09-30 00:00:00+00:00,19.89,124.89
2024-10-01 00:00:00+00:00,20.3,122.33
2024-10-02 00:00:00+00:00,20.18,122.52
2024-10-03 00:00:00+00:00,19.85,118.76
2024-10-04 00:00:00+00:00,20.11,120.4
2024-10-07 00:00:00+00:00,19.88,117.79
2024-10-08 00:00:00+00:00,19.66,119.72
2024-10-09 00:00:00+00:00,19.66,117.99
2024-10-10 00:00:00+00:00,20.07,122.41
2024-10-11 00:00:00+00:00,19.99,124.51
2024-10-14 00:00:00+00:00,19.98,124.37
2024-10-15 00:00:00+00:00,20.21,123.73
2024-10-16 00:00:00+00:00,19.94,125.92
2024-10-17 00:00:00+00:00,20.34,124.25
2024-10-18 00:00:00+00:00,20.92,127.08
2024-10-21 00:00:00+00:00,20.86,127.31
2024-10-22 00:00:00+00:00,21.19,128.42
2024-10-23 00:00:00+00:00,20.8,129.88
2024-10-24 00:00:00+00:00,20.32,132.02
2024-10-25 00:00:00+00:00,19.61,131.14
2024-10-28 00:00:00+00:00,19.98,130.26
2024-10-29 00:00:00+00:00,20.28,130.21
2024-10-30 00:00:00+00:00,20.05,127.78
2024-10-31 00:00:00+00:00,19.32,126.0
2024-11-01 00:00:00+00:00,19.05,123.29
2024-11-04 00:00:00+00:00,18.9,123.07
2024-11-05 00:00:00+00:00,18.88,125.01
2024-11-06 00:00:00+00:00,18.43,127.97
2024-11-07 00:00:00+00:00,18.48,120.42
2024-11-08 00:00:00+00:00,18.4,121.61
2024-11-11 00:00:00+00:00,17.4,117.84
2024-11-12 00:00:00+00:00,17.02,114.32
2024-11-13 00:00:00+00:00,16.79,112.48
2024-11-14 00:00:00+00:00,16.85,109.11
2024-11-15 00:00:00+00:00,16.65,104.54
2024-11-18 00:00:00+00:00,17.2,104.67
2024-11-19 00:00:00+00:00,17.72,106.62
2024-11-20 00:00:00+00:00,17.89,110.86
2024-11-21 00:00:00+00:00,18.12,110.5
2024-11-22 00:00:00+00:00,18.22,114.23
