Date,AAPL,JD,AMZN,BABA,SPY
2019-12-02 00:00:00+00:00,66.04,32.29,89.08,196.31,311.64
2019-12-03 00:00:00+00:00,64.8625,32.03,88.498,194.9,309.55
2019-12-04 00:00:00+00:00,65.435,31.56,88.0345,193.74,311.46
2019-12-05 00:00:00+00:00,66.395,32.54,87.024,200.0,312.02
2019-12-06 00:00:00+00:00,67.6775,32.93,87.58,201.89,314.87
2019-12-09 00:00:00+00:00,66.73,33.25,87.4755,198.74,313.88
2019-12-10 00:00:00+00:00,67.12,33.26,86.9605,200.45,313.53
2019-12-11 00:00:00+00:00,67.6925,33.24,87.436,204.64,314.42
2019-12-12 00:00:00+00:00,67.865,33.82,88.0165,204.5,317.13
2019-12-13 00:00:00+00:00,68.7875,34.0,88.047,204.91,317.32
2019-12-16 00:00:00+00:00,69.965,34.64,88.4605,206.97,319.5
2019-12-17 00:00:00+00:00,70.1025,34.69,89.533,208.18,319.57
2019-12-18 00:00:00+00:00,69.935,34.44,89.2015,210.0,319.59
2019-12-19 00:00:00+00:00,70.005,34.78,89.614,210.13,320.9
2019-12-20 00:00:00+00:00,69.86,35.31,89.325,212.25,320.73
2019-12-23 00:00:00+00:00,71.0,36.26,89.65,214.83,321.22
2019-12-24 00:00:00+00:00,71.0675,36.28,89.4605,214.26,321.23
2019-12-26 00:00:00+00:00,72.4775,36.24,93.4385,216.38,322.94
2019-12-27 00:00:00+00:00,72.45,35.93,93.49,215.47,322.86
2019-12-30 00:00:00+00:00,72.88,35.4,92.3445,212.91,321.08
2019-12-31 00:00:00+00:00,73.4125,35.23,92.392,212.1,321.86
2020-01-02 00:00:00+00:00,75.0875,37.73,94.9005,219.77,324.87
2020-01-03 00:00:00+00:00,74.3575,37.99,93.7485,217.0,322.41
2020-01-06 00:00:00+00:00,74.95,38.0,95.144,216.64,323.64
2020-01-07 00:00:00+00:00,74.5975,38.32,95.343,217.63,322.73
2020-01-08 00:00:00+00:00,75.7975,38.3,94.5985,218.0,324.45
2020-01-09 00:00:00+00:00,77.4075,38.9,95.0525,221.78,326.65
2020-01-10 00:00:00+00:00,77.5825,39.11,94.158,223.83,325.71
2020-01-13 00:00:00+00:00,79.24,40.31,94.565,230.48,327.95
2020-01-14 00:00:00+00:00,78.17,40.29,93.472,226.49,327.45
2020-01-15 00:00:00+00:00,77.835,39.78,93.101,225.06,328.19
2020-01-16 00:00:00+00:00,78.81,39.56,93.897,223.94,330.92
2020-01-17 00:00:00+00:00,79.6825,40.35,93.236,227.43,331.95
2020-01-21 00:00:00+00:00,79.1425,40.06,94.6,222.26,331.3
2020-01-22 00:00:00+00:00,79.425,40.97,94.373,222.37,331.34
2020-01-23 00:00:00+00:00,79.8075,40.77,94.229,219.13,331.72
2020-01-24 00:00:00+00:00,79.5775,39.55,93.082,213.75,328.77
2020-01-27 00:00:00+00:00,77.2375,37.65,91.417,205.47,323.5
2020-01-28 00:00:00+00:00,79.4225,38.91,92.6625,210.23,326.89
2020-01-29 00:00:00+00:00,81.085,39.14,92.9,212.02,326.62
2020-01-30 00:00:00+00:00,80.9675,38.49,93.534,208.58,327.68
2020-01-31 00:00:00+00:00,77.3775,37.69,100.436,206.59,321.73
2020-02-03 00:00:00+00:00,77.165,39.2,100.21,213.1,324.12
2020-02-04 00:00:00+00:00,79.7125,40.35,102.4835,222.88,329.06
2020-02-05 00:00:00+00:00,80.3625,39.94,101.9935,220.22,332.86
2020-02-06 00:00:00+00:00,81.3025,40.38,102.5115,220.9,333.98
2020-02-07 00:00:00+00:00,80.0075,39.99,103.964,216.53,332.2
2020-02-10 00:00:00+00:00,80.3875,40.1,106.6955,215.77,334.68
2020-02-11 00:00:00+00:00,79.9025,40.78,107.54,217.21,335.26
2020-02-12 00:00:00+00:00,81.8,41.64,108.0,224.31,337.42
2020-02-13 00:00:00+00:00,81.2175,42.01,107.4935,220.36,337.06
2020-02-14 00:00:00+00:00,81.2375,41.97,106.7435,219.63,337.6
2020-02-18 00:00:00+00:00,79.75,42.32,107.7835,220.52,336.73
2020-02-19 00:00:00+00:00,80.905,42.95,108.511,222.14,338.34
2020-02-20 00:00:00+00:00,80.075,41.48,107.655,218.04,336.95
2020-02-21 00:00:00+00:00,78.2625,40.42,104.7985,212.59,333.48
2020-02-24 00:00:00+00:00,74.545,39.37,100.4645,206.16,322.42
2020-02-25 00:00:00+00:00,72.02,38.84,98.637,205.61,312.65
2020-02-26 00:00:00+00:00,73.1625,39.92,98.9795,208.74,311.5
2020-02-27 00:00:00+00:00,68.38,38.4,94.215,205.03,297.51
2020-02-28 00:00:00+00:00,68.34,38.51,94.1875,208.0,296.26
2020-03-02 00:00:00+00:00,74.7025,43.3,97.6975,210.98,309.09
2020-03-03 00:00:00+00:00,72.33,41.46,95.4495,207.41,300.24
2020-03-04 00:00:00+00:00,75.685,43.91,98.7915,211.96,312.86
2020-03-05 00:00:00+00:00,73.23,44.62,96.2015,211.46,302.46
2020-03-06 00:00:00+00:00,72.2575,42.16,95.0545,204.64,297.46
2020-03-09 00:00:00+00:00,66.5425,39.91,90.0305,197.660004,274.23
2020-03-10 00:00:00+00:00,71.335,41.8,94.591,206.39,288.42
2020-03-11 00:00:00+00:00,68.8575,41.53,91.043,198.91,274.36
2020-03-12 00:00:00+00:00,62.0575,38.26,83.8305,185.1,248.11
2020-03-13 00:00:00+00:00,69.4925,39.71,89.25,194.0,269.32
2020-03-16 00:00:00+00:00,60.5525,35.24,84.4575,178.85,239.85
2020-03-17 00:00:00+00:00,63.215,38.35,90.392,184.81,252.8
2020-03-18 00:00:00+00:00,61.6675,37.7,91.5,180.0,240.0
2020-03-19 00:00:00+00:00,61.195,37.21,94.0465,180.88,240.51
2020-03-20 00:00:00+00:00,57.31,37.66,92.3045,181.3,228.8
2020-03-23 00:00:00+00:00,56.0925,38.61,95.1415,176.34,222.95
2020-03-24 00:00:00+00:00,61.72,41.01,97.005,185.75,243.15
2020-03-25 00:00:00+00:00,61.38,41.35,94.292,188.56,246.79
2020-03-26 00:00:00+00:00,64.61,42.01,97.7745,195.32,261.2
2020-03-27 00:00:00+00:00,61.935,40.15,95.005,188.59,253.42
2020-03-30 00:00:00+00:00,63.7025,40.39,98.1975,191.27,261.65
2020-03-31 00:00:00+00:00,63.5725,40.5,97.486,194.48,257.75
2020-04-01 00:00:00+00:00,60.2275,40.91,95.385,187.56,246.15
2020-04-02 00:00:00+00:00,61.2325,40.08,95.9415,188.9,251.83
2020-04-03 00:00:00+00:00,60.3525,39.89,95.3295,187.11,248.19
2020-04-06 00:00:00+00:00,65.6175,41.56,99.8795,196.45,264.86
2020-04-07 00:00:00+00:00,64.8575,41.99,100.58,198.0,265.13
2020-04-08 00:00:00+00:00,66.5175,41.17,102.15,195.98,274.03
2020-04-09 00:00:00+00:00,66.9975,42.16,102.138,196.37,278.2
2020-04-13 00:00:00+00:00,68.3125,42.78,108.4435,199.44,275.66
2020-04-14 00:00:00+00:00,71.7625,43.86,114.166,204.78,283.79
2020-04-15 00:00:00+00:00,71.1075,44.6,115.384,208.17,277.76
2020-04-16 00:00:00+00:00,71.6725,47.5,120.4095,212.66,279.1
2020-04-17 00:00:00+00:00,70.7,46.15,118.75,209.5,286.64
2020-04-20 00:00:00+00:00,69.2325,45.2,119.6805,212.13,281.59
2020-04-21 00:00:00+00:00,67.0925,43.24,116.406,207.34,273.04
2020-04-22 00:00:00+00:00,69.025,44.99,118.1745,209.96,279.1
2020-04-23 00:00:00+00:00,68.7575,44.94,119.9725,205.24,279.08
2020-04-24 00:00:00+00:00,70.7425,45.05,120.511,204.36,282.97
2020-04-27 00:00:00+00:00,70.7925,45.58,118.8,203.69,287.05
2020-04-28 00:00:00+00:00,69.645,43.58,115.704,201.15,285.73
2020-04-29 00:00:00+00:00,71.9325,44.34,118.6355,206.7,293.21
2020-04-30 00:00:00+00:00,73.45,43.1,123.7,202.67,290.48
2020-05-01 00:00:00+00:00,72.2675,41.38,114.302,194.48,282.79
2020-05-04 00:00:00+00:00,73.29,42.25,115.7995,191.15,283.57
2020-05-05 00:00:00+00:00,74.39,43.12,115.89,195.02,286.19
2020-05-06 00:00:00+00:00,75.1575,43.3,117.563,195.17,284.25
2020-05-07 00:00:00+00:00,75.935,44.76,118.3805,196.49,287.68
2020-05-08 00:00:00+00:00,77.5325,46.78,118.9805,201.19,292.44
2020-05-11 00:00:00+00:00,78.7525,46.72,120.45,205.4,292.5
2020-05-12 00:00:00+00:00,77.8525,47.03,117.8475,200.31,286.67
2020-05-13 00:00:00+00:00,76.9125,47.81,118.396,199.46,281.6
2020-05-14 00:00:00+00:00,77.385,48.96,119.4425,201.3,284.97
2020-05-15 00:00:00+00:00,76.9275,50.85,120.489,203.68,286.28
2020-05-18 00:00:00+00:00,78.74,55.53,121.313,215.28,295.0
2020-05-19 00:00:00+00:00,78.285,54.26,122.4665,217.2,291.97
2020-05-20 00:00:00+00:00,79.8075,54.31,124.897,216.79,296.93
2020-05-21 00:00:00+00:00,79.29,52.6,122.4005,212.16,294.88
2020-05-22 00:00:00+00:00,79.7225,49.9,121.844,199.7,295.44
2020-05-26 00:00:00+00:00,79.1825,52.6,121.093,201.72,299.08
2020-05-27 00:00:00+00:00,79.5275,52.16,120.5195,201.18,303.53
2020-05-28 00:00:00+00:00,79.5625,51.02,120.055,199.49,302.97
2020-05-29 00:00:00+00:00,79.485,54.33,122.1185,207.39,304.32
2020-06-01 00:00:00+00:00,80.4625,54.73,123.552,206.57,305.55
2020-06-02 00:00:00+00:00,80.835,55.62,123.6205,214.33,308.08
2020-06-03 00:00:00+00:00,81.28,56.73,123.92,218.61,312.18
2020-06-04 00:00:00+00:00,80.58,56.52,123.03,218.04,311.36
2020-06-05 00:00:00+00:00,82.875,59.04,124.15,219.55,319.34
2020-06-08 00:00:00+00:00,83.365,59.17,126.203,219.0,323.2
2020-06-09 00:00:00+00:00,85.9975,58.82,130.043,220.72,320.79
2020-06-10 00:00:00+00:00,88.21,60.7,132.3725,223.68,319.0
2020-06-11 00:00:00+00:00,83.975,57.24,127.898,215.24,300.61
2020-06-12 00:00:00+00:00,84.7,57.99,127.251,217.64,304.21
2020-06-15 00:00:00+00:00,85.7475,59.51,128.634,217.03,307.05
2020-06-16 00:00:00+00:00,88.02,60.98,130.7635,222.62,312.96
2020-06-17 00:00:00+00:00,87.8975,62.01,132.049,224.25,311.66
2020-06-18 00:00:00+00:00,87.9325,60.79,132.699,223.54,311.78
2020-06-19 00:00:00+00:00,87.43,58.64,133.7505,220.64,308.64
2020-06-22 00:00:00+00:00,89.7175,59.09,135.691,221.41,310.62
2020-06-23 00:00:00+00:00,91.6325,59.92,138.2205,228.75,312.05
2020-06-24 00:00:00+00:00,90.015,59.84,136.72,226.22,304.09
2020-06-25 00:00:00+00:00,91.21,60.51,137.729,222.16,307.35
2020-06-26 00:00:00+00:00,88.4075,59.65,134.6435,215.71,300.05
2020-06-29 00:00:00+00:00,90.445,59.58,134.019,215.02,304.46
2020-06-30 00:00:00+00:00,91.2,60.18,137.941,215.7,308.36
2020-07-01 00:00:00+00:00,91.0275,60.0,143.935,215.95,310.52
2020-07-02 00:00:00+00:00,91.0275,61.39,144.515,223.6,312.23
2020-07-06 00:00:00+00:00,93.4625,63.24,152.852,240.0,317.05
2020-07-07 00:00:00+00:00,93.1725,61.67,150.006,236.51,313.78
2020-07-08 00:00:00+00:00,95.3425,65.38,154.0555,257.68,316.18
2020-07-09 00:00:00+00:00,95.6825,67.36,159.1315,261.58,314.38
2020-07-10 00:00:00+00:00,95.92,65.61,160.0,261.01,317.59
2020-07-13 00:00:00+00:00,95.4775,62.3,155.2,251.67,314.84
2020-07-14 00:00:00+00:00,97.0575,62.13,154.2,248.58,318.92
2020-07-15 00:00:00+00:00,97.725,62.55,150.4435,249.21,321.85
2020-07-16 00:00:00+00:00,96.5225,61.71,149.995,242.5,320.79
2020-07-17 00:00:00+00:00,96.3275,62.13,148.0985,247.14,321.72
2020-07-20 00:00:00+00:00,98.3575,63.4,159.842,254.81,324.32
2020-07-21 00:00:00+00:00,97.0,62.61,156.9145,257.9,325.01
2020-07-22 00:00:00+00:00,97.2725,61.84,154.9955,251.7,326.86
2020-07-23 00:00:00+00:00,92.845,60.52,149.3275,251.88,322.96
2020-07-24 00:00:00+00:00,92.615,60.88,150.4455,249.0,320.88
2020-07-27 00:00:00+00:00,94.81,62.78,152.7605,250.86,323.22
2020-07-28 00:00:00+00:00,93.2525,61.49,150.0165,249.05,321.17
2020-07-29 00:00:00+00:00,95.04,62.59,151.6765,252.45,325.12
2020-07-30 00:00:00+00:00,96.19,62.29,152.594,252.74,323.96
2020-07-31 00:00:00+00:00,106.26,63.79,158.234,251.02,326.52
2020-08-03 00:00:00+00:00,108.9375,64.53,155.5945,257.94,328.79
2020-08-04 00:00:00+00:00,109.665,64.57,156.9415,262.2,330.06
2020-08-05 00:00:00+00:00,110.0625,65.52,160.2515,264.91,332.11
2020-08-06 00:00:00+00:00,113.9025,64.91,161.25,265.68,334.33
2020-08-07 00:00:00+00:00,111.1125,62.06,158.373,252.1,334.57
2020-08-10 00:00:00+00:00,112.7275,61.49,157.408,248.13,335.57
2020-08-11 00:00:00+00:00,109.375,61.18,154.0335,248.42,332.8
2020-08-12 00:00:00+00:00,113.01,62.9,158.112,255.19,337.44
2020-08-13 00:00:00+00:00,115.01,62.54,158.051,253.72,336.83
2020-08-14 00:00:00+00:00,114.9075,62.06,157.401,253.97,336.84
2020-08-17 00:00:00+00:00,114.6075,66.98,159.1205,256.96,337.91
2020-08-18 00:00:00+00:00,115.5625,70.32,165.6245,259.2,338.64
2020-08-19 00:00:00+00:00,115.7075,72.56,163.024,260.59,337.23
2020-08-20 00:00:00+00:00,118.275,73.94,164.8685,257.97,338.28
2020-08-21 00:00:00+00:00,124.37,74.98,164.236,265.8,339.48
2020-08-24 00:00:00+00:00,125.8575,76.18,165.373,276.02,342.92
2020-08-25 00:00:00+00:00,124.825,78.97,167.3245,286.0,344.12
2020-08-26 00:00:00+00:00,126.5225,80.38,172.0925,291.96,347.57
2020-08-27 00:00:00+00:00,125.01,79.3,170.0,284.17,348.33
2020-08-28 00:00:00+00:00,124.8075,79.96,170.09,289.0,350.58
2020-08-31 00:00:00+00:00,129.04,78.64,172.548,287.03,349.31
2020-09-01 00:00:00+00:00,134.18,82.49,174.956,298.0,352.6
2020-09-02 00:00:00+00:00,131.4,83.21,176.5725,296.07,357.7
2020-09-03 00:00:00+00:00,120.88,79.04,168.4,282.5,345.39
2020-09-04 00:00:00+00:00,120.96,80.0,164.731,281.39,342.57
2020-09-08 00:00:00+00:00,112.82,76.22,157.492,270.02,333.21
2020-09-09 00:00:00+00:00,117.32,77.19,163.4305,273.15,339.79
2020-09-10 00:00:00+00:00,113.49,74.53,158.7555,267.55,333.89
2020-09-11 00:00:00+00:00,112.0,74.18,155.811,271.61,334.06
2020-09-14 00:00:00+00:00,115.355,76.59,155.1485,274.1,338.46
2020-09-15 00:00:00+00:00,115.54,77.0,157.8065,277.96,340.17
2020-09-16 00:00:00+00:00,112.13,75.09,153.905,278.14,338.82
2020-09-17 00:00:00+00:00,110.34,74.37,150.4365,275.72,335.84
2020-09-18 00:00:00+00:00,106.84,74.5,147.7455,272.41,330.65
2020-09-21 00:00:00+00:00,110.08,75.13,148.0235,273.82,326.97
2020-09-22 00:00:00+00:00,111.81,75.0,156.4495,275.29,330.3
2020-09-23 00:00:00+00:00,107.12,74.59,149.993,272.95,322.64
2020-09-24 00:00:00+00:00,108.22,72.72,150.9895,269.73,323.5
2020-09-25 00:00:00+00:00,112.28,74.67,154.7565,271.09,328.73
2020-09-28 00:00:00+00:00,114.96,76.1,158.7025,276.01,334.19
2020-09-29 00:00:00+00:00,114.09,75.16,157.244,276.93,332.37
2020-09-30 00:00:00+00:00,115.81,77.61,157.4365,293.98,334.89
2020-10-01 00:00:00+00:00,116.79,78.57,161.063,290.05,337.04
2020-10-02 00:00:00+00:00,113.02,76.1,156.25,288.17,333.84
2020-10-05 00:00:00+00:00,116.5,76.4,159.96,288.27,339.76
2020-10-06 00:00:00+00:00,113.16,76.69,154.998,292.39,334.93
2020-10-07 00:00:00+00:00,115.08,78.12,159.7845,296.5,340.76
2020-10-08 00:00:00+00:00,114.97,78.15,159.5275,300.54,343.78
2020-10-09 00:00:00+00:00,116.97,79.79,164.3325,299.74,346.85
2020-10-12 00:00:00+00:00,124.4,84.32,172.1465,306.34,352.43
2020-10-13 00:00:00+00:00,121.1,82.61,172.1815,308.78,350.13
2020-10-14 00:00:00+00:00,121.19,81.1,168.1855,301.04,347.93
2020-10-15 00:00:00+00:00,120.71,80.25,166.9325,299.46,347.5
2020-10-16 00:00:00+00:00,119.02,81.52,163.6355,307.31,347.29
2020-10-19 00:00:00+00:00,115.98,80.61,160.3605,305.29,342.01
2020-10-20 00:00:00+00:00,117.51,82.57,160.8505,309.81,343.38
2020-10-21 00:00:00+00:00,116.87,82.63,159.247,307.97,342.73
2020-10-22 00:00:00+00:00,115.75,81.31,158.82,306.28,344.61
2020-10-23 00:00:00+00:00,115.04,81.34,160.22,309.92,345.78
2020-10-26 00:00:00+00:00,115.05,81.41,160.352,306.87,339.39
2020-10-27 00:00:00+00:00,116.6,83.01,164.3165,317.14,338.22
2020-10-28 00:00:00+00:00,111.2,80.08,158.139,307.94,326.66
2020-10-29 00:00:00+00:00,115.32,83.04,160.5505,312.56,329.98
2020-10-30 00:00:00+00:00,108.86,81.52,151.8075,304.69,326.54
2020-11-02 00:00:00+00:00,108.77,82.32,150.224,310.84,330.2
2020-11-03 00:00:00+00:00,110.44,82.69,152.4205,285.57,336.03
2020-11-04 00:00:00+00:00,114.95,89.31,162.058,295.71,343.54
2020-11-05 00:00:00+00:00,119.03,91.59,166.1,287.75,350.24
2020-11-06 00:00:00+00:00,118.69,92.49,165.5685,299.95,350.16
2020-11-09 00:00:00+00:00,116.32,84.86,157.187,290.53,354.56
2020-11-10 00:00:00+00:00,115.97,80.08,151.751,266.54,354.04
2020-11-11 00:00:00+00:00,119.49,82.84,156.8695,265.65,356.67
2020-11-12 00:00:00+00:00,119.21,86.38,155.514,264.31,353.21
2020-11-13 00:00:00+00:00,119.26,92.08,156.4405,260.84,358.1
2020-11-16 00:00:00+00:00,120.3,85.26,156.553,258.31,362.57
2020-11-17 00:00:00+00:00,119.39,86.97,156.783,256.8,360.62
2020-11-18 00:00:00+00:00,118.03,86.25,155.273,255.83,356.28
2020-11-19 00:00:00+00:00,118.64,86.04,155.851,259.89,357.78
2020-11-20 00:00:00+00:00,117.34,87.74,154.97,270.74,355.33
2020-11-23 00:00:00+00:00,113.85,87.56,154.9195,270.11,357.46
2020-11-24 00:00:00+00:00,115.17,89.82,155.903,279.96,363.22
2020-11-25 00:00:00+00:00,116.03,88.23,159.2535,277.72,362.66
2020-11-27 00:00:00+00:00,116.59,89.41,159.767,276.48,363.67
2020-11-30 00:00:00+00:00,119.05,85.35,158.402,263.36,362.06
2020-12-01 00:00:00+00:00,122.72,85.36,161.004,264.01,366.02
2020-12-02 00:00:00+00:00,123.08,84.38,160.1765,261.32,366.79
2020-12-03 00:00:00+00:00,122.94,86.29,159.3365,266.91,366.69
2020-12-04 00:00:00+00:00,122.25,85.19,158.129,267.25,369.85
2020-12-07 00:00:00+00:00,123.75,83.49,157.9,264.0,369.09
2020-12-08 00:00:00+00:00,124.38,82.01,158.8645,266.09,370.17
2020-12-09 00:00:00+00:00,121.78,81.82,155.21,263.8,366.85
2020-12-10 00:00:00+00:00,123.24,81.71,155.0745,264.87,366.73
2020-12-11 00:00:00+00:00,122.41,82.61,155.821,264.54,366.3
2020-12-14 00:00:00+00:00,121.78,79.96,157.8485,256.03,364.66
2020-12-15 00:00:00+00:00,127.88,79.5,158.256,255.11,369.59
2020-12-16 00:00:00+00:00,127.81,81.77,162.048,261.89,370.17
2020-12-17 00:00:00+00:00,128.7,82.71,161.804,264.43,372.24
2020-12-18 00:00:00+00:00,126.655,81.53,160.0825,260.0,369.18
2020-12-21 00:00:00+00:00,128.23,80.64,160.309,260.43,367.86
2020-12-22 00:00:00+00:00,131.88,82.79,160.326,255.83,367.24
2020-12-23 00:00:00+00:00,130.96,85.46,159.2635,256.18,367.57
2020-12-24 00:00:00+00:00,131.97,84.49,158.6345,222.0,369.0
2020-12-28 00:00:00+00:00,136.69,81.61,164.198,222.36,372.17
2020-12-29 00:00:00+00:00,134.87,86.14,166.1,236.26,371.46
2020-12-30 00:00:00+00:00,133.72,89.52,164.2925,238.39,371.99
2020-12-31 00:00:00+00:00,132.69,87.9,162.8465,232.73,373.88
2021-01-04 00:00:00+00:00,129.41,86.33,159.3315,227.85,368.79
2021-01-05 00:00:00+00:00,131.01,95.5,160.9255,240.4,371.33
2021-01-06 00:00:00+00:00,126.6,88.18,156.919,227.61,373.55
2021-01-07 00:00:00+00:00,130.92,87.92,158.108,226.9,379.1
2021-01-08 00:00:00+00:00,132.05,91.54,159.135,236.19,381.26
2021-01-11 00:00:00+00:00,128.98,90.38,155.7105,227.37,378.69
2021-01-12 00:00:00+00:00,128.8,88.54,156.0415,225.6,378.77
2021-01-13 00:00:00+00:00,130.89,90.44,158.2945,235.3,379.79
2021-01-14 00:00:00+00:00,128.91,89.24,156.3735,242.98,378.46
2021-01-15 00:00:00+00:00,127.14,87.77,155.2125,243.46,375.7
2021-01-19 00:00:00+00:00,127.83,91.15,156.038,251.65,378.65
2021-01-20 00:00:00+00:00,132.03,95.31,163.169,265.49,383.89
2021-01-21 00:00:00+00:00,136.87,95.1,165.3495,260.0,384.24
2021-01-22 00:00:00+00:00,139.07,94.91,164.6115,258.62,382.88
2021-01-25 00:00:00+00:00,142.92,98.38,164.7,261.38,384.39
2021-01-26 00:00:00+00:00,143.16,96.97,166.3065,265.92,383.79
2021-01-27 00:00:00+00:00,142.06,90.09,161.629,260.25,374.41
2021-01-28 00:00:00+00:00,137.09,91.41,161.881,260.76,377.63
2021-01-29 00:00:00+00:00,131.96,88.69,160.31,253.83,370.07
2021-02-01 00:00:00+00:00,134.14,91.27,167.144,264.69,376.23
2021-02-02 00:00:00+00:00,134.99,95.42,169.0,254.5,381.55
2021-02-03 00:00:00+00:00,133.94,95.5,165.6265,263.43,381.85
2021-02-04 00:00:00+00:00,137.39,94.63,166.55,266.96,386.19
2021-02-05 00:00:00+00:00,136.76,96.64,167.6075,265.67,387.71
2021-02-08 00:00:00+00:00,136.91,94.57,166.147,262.59,390.51
2021-02-09 00:00:00+00:00,136.01,97.07,165.25,266.49,390.25
2021-02-10 00:00:00+00:00,135.39,98.77,164.329,267.79,390.08
2021-02-11 00:00:00+00:00,135.13,99.0,163.1065,268.93,390.71
2021-02-12 00:00:00+00:00,135.37,99.31,163.8855,267.85,392.64
2021-02-16 00:00:00+00:00,133.19,103.43,163.4475,270.7,392.3
2021-02-17 00:00:00+00:00,130.84,106.88,165.432,270.83,392.39
2021-02-18 00:00:00+00:00,129.71,105.43,166.4115,264.51,390.72
2021-02-19 00:00:00+00:00,129.87,106.09,162.495,263.59,390.03
2021-02-22 00:00:00+00:00,126.0,97.66,159.037,254.0,387.03
2021-02-23 00:00:00+00:00,125.86,99.47,159.725,252.75,387.5
2021-02-24 00:00:00+00:00,125.35,96.37,157.9765,250.34,391.77
2021-02-25 00:00:00+00:00,120.99,93.36,152.858,240.18,382.33
2021-02-26 00:00:00+00:00,121.26,93.87,154.6465,237.76,380.36
2021-03-01 00:00:00+00:00,127.79,98.02,157.307,241.69,389.58
2021-03-02 00:00:00+00:00,125.12,96.38,154.7265,234.42,386.54
2021-03-03 00:00:00+00:00,122.06,93.62,150.25,236.27,381.42
2021-03-04 00:00:00+00:00,120.13,90.77,148.8785,230.5,376.7
2021-03-05 00:00:00+00:00,121.42,90.62,150.023,233.89,383.63
2021-03-08 00:00:00+00:00,116.36,85.36,147.5975,226.69,381.72
2021-03-09 00:00:00+00:00,121.085,89.53,153.1425,238.14,387.17
2021-03-10 00:00:00+00:00,119.98,89.33,152.882,234.3,389.58
2021-03-11 00:00:00+00:00,121.96,90.01,155.6795,240.8,393.53
2021-03-12 00:00:00+00:00,121.03,84.02,154.4745,231.87,394.06
2021-03-15 00:00:00+00:00,123.99,85.13,154.084,230.28,396.41
2021-03-16 00:00:00+00:00,125.57,85.76,154.593,226.93,395.91
2021-03-17 00:00:00+00:00,124.76,85.37,156.7865,233.34,397.26
2021-03-18 00:00:00+00:00,120.53,83.9,151.3995,236.43,391.48
2021-03-19 00:00:00+00:00,119.99,84.99,153.748,239.79,389.48
2021-03-22 00:00:00+00:00,123.39,84.97,155.5435,237.12,392.59
2021-03-23 00:00:00+00:00,122.54,83.51,156.875,237.67,389.5
2021-03-24 00:00:00+00:00,120.09,79.07,154.3535,229.59,387.52
2021-03-25 00:00:00+00:00,120.59,78.71,152.313,222.72,389.7
2021-03-26 00:00:00+00:00,121.21,82.07,152.6015,227.26,395.98
2021-03-29 00:00:00+00:00,121.39,81.76,153.7865,231.86,395.78
2021-03-30 00:00:00+00:00,119.9,83.0,152.7645,229.25,394.73
2021-03-31 00:00:00+00:00,122.15,84.33,154.704,226.73,396.33
2021-04-01 00:00:00+00:00,123.0,84.31,158.05,224.36,400.61
2021-04-05 00:00:00+00:00,125.9,82.49,161.3365,225.3,406.36
2021-04-06 00:00:00+00:00,126.21,83.51,161.191,230.57,406.12
2021-04-07 00:00:00+00:00,127.9,81.25,163.9695,225.42,406.59
2021-04-08 00:00:00+00:00,130.36,82.14,164.965,228.24,408.52
2021-04-09 00:00:00+00:00,132.995,80.41,168.61,223.31,411.49
2021-04-12 00:00:00+00:00,131.24,78.65,168.9695,244.01,411.64
2021-04-13 00:00:00+00:00,134.43,78.8,170.0,241.89,412.86
2021-04-14 00:00:00+00:00,132.03,78.12,166.65,239.23,411.45
2021-04-15 00:00:00+00:00,134.5,77.49,168.9545,239.09,415.87
2021-04-16 00:00:00+00:00,134.16,77.04,169.972,238.69,417.26
2021-04-19 00:00:00+00:00,134.84,76.95,168.6005,234.78,415.21
2021-04-20 00:00:00+00:00,133.11,74.55,166.7345,229.88,412.17
2021-04-21 00:00:00+00:00,133.5,75.72,168.101,229.44,416.07
2021-04-22 00:00:00+00:00,131.94,76.11,165.452,229.35,412.27
2021-04-23 00:00:00+00:00,134.32,76.75,167.044,232.08,416.74
2021-04-26 00:00:00+00:00,134.72,76.14,170.45,232.7,417.61
2021-04-27 00:00:00+00:00,134.39,78.46,170.8715,235.92,417.52
2021-04-28 00:00:00+00:00,133.58,79.06,172.925,236.72,417.4
2021-04-29 00:00:00+00:00,133.48,77.83,173.5655,234.18,420.06
2021-04-30 00:00:00+00:00,131.46,77.36,173.371,230.95,417.3
2021-05-03 00:00:00+00:00,132.54,77.02,169.3245,230.71,418.2
2021-05-04 00:00:00+00:00,127.85,76.08,165.5935,227.9,415.62
2021-05-05 00:00:00+00:00,128.1,75.54,163.527,226.78,415.75
2021-05-06 00:00:00+00:00,129.74,76.39,165.3185,226.42,419.07
2021-05-07 00:00:00+00:00,130.21,75.51,164.5805,225.31,422.12
2021-05-10 00:00:00+00:00,126.85,71.4,159.5245,219.53,417.94
2021-05-11 00:00:00+00:00,125.91,72.78,161.1955,221.38,414.21
2021-05-12 00:00:00+00:00,122.77,71.25,157.597,219.9,405.41
2021-05-13 00:00:00+00:00,124.97,67.03,158.0735,206.08,410.28
2021-05-14 00:00:00+00:00,127.45,68.15,161.145,209.51,416.58
2021-05-17 00:00:00+00:00,126.27,68.21,163.5195,211.05,415.52
2021-05-18 00:00:00+00:00,124.85,69.74,161.614,213.72,411.94
2021-05-19 00:00:00+00:00,124.69,70.58,161.59,212.54,410.86
2021-05-20 00:00:00+00:00,127.31,73.7,162.384,216.99,415.28
2021-05-21 00:00:00+00:00,125.43,72.75,160.154,211.06,414.94
2021-05-24 00:00:00+00:00,127.1,71.66,162.2495,210.44,419.17
2021-05-25 00:00:00+00:00,126.9,72.81,162.9525,211.13,418.24
2021-05-26 00:00:00+00:00,126.85,73.2,163.258,211.78,419.07
2021-05-27 00:00:00+00:00,125.28,72.83,161.5055,212.74,419.29
2021-05-28 00:00:00+00:00,124.61,73.94,161.1535,213.96,420.04
2021-06-01 00:00:00+00:00,124.28,78.33,160.9325,219.48,419.67
2021-06-02 00:00:00+00:00,125.06,76.54,161.6995,219.59,420.33
2021-06-03 00:00:00+00:00,123.54,75.52,159.3505,217.04,418.77
2021-06-04 00:00:00+00:00,125.89,75.43,160.311,219.02,422.6
2021-06-07 00:00:00+00:00,125.9,74.68,159.9005,216.9,422.19
2021-06-08 00:00:00+00:00,126.74,73.28,163.2055,215.82,422.28
2021-06-09 00:00:00+00:00,127.13,72.64,164.0575,213.32,421.65
2021-06-10 00:00:00+00:00,126.11,71.85,167.4825,213.07,423.61
2021-06-11 00:00:00+00:00,127.35,71.19,167.3415,211.64,424.31
2021-06-14 00:00:00+00:00,130.48,71.43,169.1935,213.94,425.26
2021-06-15 00:00:00+00:00,129.64,70.84,169.1565,210.06,424.48
2021-06-16 00:00:00+00:00,130.15,71.49,170.7625,209.32,422.11
2021-06-17 00:00:00+00:00,131.79,73.5,174.462,211.6,421.97
2021-06-18 00:00:00+00:00,130.46,71.62,174.345,212.3,414.92
2021-06-21 00:00:00+00:00,132.3,72.62,172.698,211.06,420.86
2021-06-22 00:00:00+00:00,133.98,73.3,175.272,211.32,423.11
2021-06-23 00:00:00+00:00,133.7,73.14,175.191,214.86,422.6
2021-06-24 00:00:00+00:00,133.41,74.9,172.454,218.38,425.1
2021-06-25 00:00:00+00:00,133.11,78.23,170.073,228.5,426.61
2021-06-28 00:00:00+00:00,134.78,77.12,172.1945,228.59,427.47
2021-06-29 00:00:00+00:00,136.33,79.75,172.407,229.44,427.7
2021-06-30 00:00:00+00:00,136.96,79.81,172.008,226.78,428.06
2021-07-01 00:00:00+00:00,137.27,77.44,171.6485,221.87,430.43
2021-07-02 00:00:00+00:00,139.96,76.23,175.549,217.75,433.72
2021-07-06 00:00:00+00:00,142.02,72.39,183.787,211.6,432.93
2021-07-07 00:00:00+00:00,144.57,72.7,184.829,208.0,434.46
2021-07-08 00:00:00+00:00,143.24,70.89,186.5705,199.85,430.92
2021-07-09 00:00:00+00:00,145.11,73.56,185.967,205.94,435.52
2021-07-12 00:00:00+00:00,144.5,73.17,185.9275,205.48,437.08
2021-07-13 00:00:00+00:00,145.64,76.52,183.868,209.51,435.59
2021-07-14 00:00:00+00:00,149.15,75.45,184.084,211.5,436.24
2021-07-15 00:00:00+00:00,148.48,76.86,181.56,214.76,434.75
2021-07-16 00:00:00+00:00,146.39,75.59,178.6815,212.1,431.34
2021-07-19 00:00:00+00:00,142.45,74.22,177.4795,208.91,424.97
2021-07-20 00:00:00+00:00,146.15,73.87,178.6595,210.59,431.06
2021-07-21 00:00:00+00:00,145.4,75.3,179.26,211.08,434.55
2021-07-22 00:00:00+00:00,146.8,75.91,181.9015,214.04,435.46
2021-07-23 00:00:00+00:00,148.56,72.29,182.832,206.53,439.94
2021-07-26 00:00:00+00:00,148.99,66.08,184.991,191.76,441.02
2021-07-27 00:00:00+00:00,146.77,64.77,181.3195,186.07,439.01
2021-07-28 00:00:00+00:00,144.98,70.28,181.516,196.01,438.83
2021-07-29 00:00:00+00:00,145.64,71.93,179.996,197.54,440.65
2021-07-30 00:00:00+00:00,145.86,70.88,166.3795,195.19,438.51
2021-08-02 00:00:00+00:00,145.52,71.49,166.574,200.09,437.59
2021-08-03 00:00:00+00:00,147.36,70.24,168.312,197.38,441.15
2021-08-04 00:00:00+00:00,146.95,71.4,167.736,200.71,438.98
2021-08-05 00:00:00+00:00,147.06,70.74,168.7995,199.28,441.76
2021-08-06 00:00:00+00:00,146.14,69.59,167.247,196.39,442.49
2021-08-09 00:00:00+00:00,146.09,71.73,167.0935,195.25,442.13
2021-08-10 00:00:00+00:00,145.6,71.76,166.034,195.73,442.68
2021-08-11 00:00:00+00:00,145.86,71.07,164.6055,194.86,443.78
2021-08-12 00:00:00+00:00,148.89,70.53,165.175,191.66,445.11
2021-08-13 00:00:00+00:00,149.1,69.86,164.6985,188.62,445.92
2021-08-16 00:00:00+00:00,151.12,66.67,164.9495,182.71,446.97
2021-08-17 00:00:00+00:00,150.19,64.26,162.098,173.73,444.04
2021-08-18 00:00:00+00:00,146.36,65.53,160.061,172.35,439.18
2021-08-19 00:00:00+00:00,146.7,62.19,159.3875,160.55,439.86
2021-08-20 00:00:00+00:00,148.19,63.62,159.9975,157.96,443.36
2021-08-23 00:00:00+00:00,149.71,65.73,163.2935,161.06,447.26
2021-08-24 00:00:00+00:00,149.62,75.22,165.289,171.7,447.97
2021-08-25 00:00:00+00:00,148.36,76.14,164.959,169.1,448.91
2021-08-26 00:00:00+00:00,147.54,77.04,165.8,165.24,446.26
2021-08-27 00:00:00+00:00,148.6,76.43,167.4815,159.47,450.25
2021-08-30 00:00:00+00:00,153.12,76.69,171.0785,162.29,452.23
2021-08-31 00:00:00+00:00,151.83,78.56,173.5395,166.99,451.56
2021-09-01 00:00:00+00:00,152.51,80.78,173.95,173.28,451.8
2021-09-02 00:00:00+00:00,153.65,80.24,173.156,172.0,453.19
2021-09-03 00:00:00+00:00,154.3,79.855,173.9025,170.3,453.08
2021-09-07 00:00:00+00:00,156.69,83.24,175.4645,175.16,451.46
2021-09-08 00:00:00+00:00,155.11,81.73,176.275,170.71,450.91
2021-09-09 00:00:00+00:00,154.07,80.26,174.208,167.32,448.98
2021-09-10 00:00:00+00:00,148.97,80.64,173.4575,168.1,445.44
2021-09-13 00:00:00+00:00,149.55,80.17,172.8585,165.41,446.58
2021-09-14 00:00:00+00:00,148.12,77.9,172.5,160.15,444.17
2021-09-15 00:00:00+00:00,149.03,76.63,173.7895,157.86,447.88
2021-09-16 00:00:00+00:00,148.79,77.17,174.412,156.26,447.17
2021-09-17 00:00:00+00:00,146.06,77.69,173.126,160.05,441.4
2021-09-20 00:00:00+00:00,142.94,74.15,167.7865,151.49,434.04
2021-09-21 00:00:00+00:00,143.43,73.5,167.1815,150.18,433.63
2021-09-22 00:00:00+00:00,145.85,75.92,169.0025,151.89,437.86
2021-09-23 00:00:00+00:00,146.83,76.13,170.8,151.19,443.18
2021-09-24 00:00:00+00:00,146.92,73.98,171.276,145.08,443.91
2021-09-27 00:00:00+00:00,145.37,76.43,170.29,150.18,442.64
2021-09-28 00:00:00+00:00,141.91,75.42,165.798,152.39,433.72
2021-09-29 00:00:00+00:00,142.83,71.62,165.056,147.58,434.45
2021-09-30 00:00:00+00:00,141.5,72.24,164.252,148.05,429.14
2021-10-01 00:00:00+00:00,142.65,70.02,164.163,144.2,434.24
2021-10-04 00:00:00+00:00,139.14,69.41,159.489,139.63,428.64
2021-10-05 00:00:00+00:00,141.11,71.62,161.05,143.14,433.1
2021-10-06 00:00:00+00:00,142.0,71.87,163.1005,144.1,434.9
2021-10-07 00:00:00+00:00,143.29,76.3,165.1215,156.0,438.66
2021-10-08 00:00:00+00:00,142.9,78.61,164.431,161.52,437.86
2021-10-11 00:00:00+00:00,142.81,78.0,162.315,163.95,434.69
2021-10-12 00:00:00+00:00,141.51,78.41,162.3665,163.0,433.62
2021-10-13 00:00:00+00:00,140.91,80.57,164.214,167.4,435.18
2021-10-14 00:00:00+00:00,143.76,81.03,164.993,166.78,442.5
2021-10-15 00:00:00+00:00,144.84,81.42,170.451,168.0,445.87
2021-10-18 00:00:00+00:00,146.55,82.42,172.337,166.82,447.19
2021-10-19 00:00:00+00:00,148.76,84.91,172.2075,177.0,450.64
2021-10-20 00:00:00+00:00,149.26,85.53,170.753,177.18,452.41
2021-10-21 00:00:00+00:00,149.48,83.97,171.7505,177.42,453.59
2021-10-22 00:00:00+00:00,148.69,83.07,166.7775,177.7,453.12
2021-10-25 00:00:00+00:00,148.64,84.25,166.0185,176.17,455.55
2021-10-26 00:00:00+00:00,149.32,81.48,168.8035,169.99,455.96
2021-10-27 00:00:00+00:00,148.85,80.86,169.6245,169.23,453.94
2021-10-28 00:00:00+00:00,152.57,80.92,172.3285,169.79,458.32
2021-10-29 00:00:00+00:00,149.8,78.28,168.6215,164.94,459.25
2021-11-01 00:00:00+00:00,148.96,82.5,165.9055,170.17,460.04
2021-11-02 00:00:00+00:00,150.02,80.7,165.6375,162.9,461.9
2021-11-03 00:00:00+00:00,151.49,81.36,169.2,166.24,464.72
2021-11-04 00:00:00+00:00,150.96,80.3,173.85,164.79,466.91
2021-11-05 00:00:00+00:00,151.28,77.57,175.9495,158.73,468.53
2021-11-08 00:00:00+00:00,150.44,77.47,174.449,162.16,468.93
2021-11-09 00:00:00+00:00,150.81,77.19,178.8115,160.19,467.38
2021-11-10 00:00:00+00:00,147.92,77.74,174.1025,163.97,463.62
2021-11-11 00:00:00+00:00,147.87,84.2,173.625,167.85,463.77
2021-11-12 00:00:00+00:00,149.99,85.95,176.2575,166.81,467.27
2021-11-15 00:00:00+00:00,150.0,84.62,177.284,166.54,467.43
2021-11-16 00:00:00+00:00,151.0,85.73,177.035,168.43,469.28
2021-11-17 00:00:00+00:00,153.49,83.15,177.45,161.58,468.14
2021-11-18 00:00:00+00:00,157.87,88.1,184.803,143.6,469.73
2021-11-19 00:00:00+00:00,160.55,91.55,183.8285,140.34,468.89
2021-11-22 00:00:00+00:00,161.02,87.71,178.6285,136.62,467.57
2021-11-23 00:00:00+00:00,161.41,89.46,179.002,133.66,468.19
2021-11-24 00:00:00+00:00,161.94,89.36,179.0205,136.52,469.44
2021-11-26 00:00:00+00:00,156.81,88.67,175.228,133.35,458.97
2021-11-29 00:00:00+00:00,160.24,87.91,178.0785,131.61,464.6
2021-11-30 00:00:00+00:00,165.3,84.11,175.3535,127.53,455.56
2021-12-01 00:00:00+00:00,164.77,85.18,172.186,122.49,450.5
2021-12-02 00:00:00+00:00,163.76,84.46,171.868,122.0,457.4
2021-12-03 00:00:00+00:00,161.84,77.95,169.4895,111.96,453.42
2021-12-06 00:00:00+00:00,165.32,75.19,171.3685,123.6,458.79
2021-12-07 00:00:00+00:00,171.18,78.09,176.1645,125.54,468.28
2021-12-08 00:00:00+00:00,175.08,78.29,176.158,125.08,469.52
2021-12-09 00:00:00+00:00,174.56,79.57,174.171,123.91,466.35
2021-12-10 00:00:00+00:00,179.45,79.71,172.212,125.06,470.74
2021-12-13 00:00:00+00:00,175.74,78.05,169.5675,122.24,466.57
2021-12-14 00:00:00+00:00,174.33,77.65,169.0915,126.58,463.36
2021-12-15 00:00:00+00:00,179.3,73.66,173.315,122.47,470.6
2021-12-16 00:00:00+00:00,172.26,72.68,168.871,120.25,466.45
2021-12-17 00:00:00+00:00,171.14,71.04,170.0175,122.1,459.87
2021-12-20 00:00:00+00:00,169.75,68.19,167.079,115.0,454.98
2021-12-21 00:00:00+00:00,172.99,73.41,170.417,122.98,463.06
2021-12-22 00:00:00+00:00,175.64,73.75,171.037,117.81,467.69
2021-12-23 00:00:00+00:00,176.28,68.65,171.0685,118.66,470.6
2021-12-27 00:00:00+00:00,180.33,67.71,169.6695,116.59,477.26
2021-12-28 00:00:00+00:00,179.29,65.87,170.661,114.8,476.87
2021-12-29 00:00:00+00:00,179.38,65.63,169.201,112.09,477.48
2021-12-30 00:00:00+00:00,178.2,70.4,168.6445,122.99,476.16
2021-12-31 00:00:00+00:00,177.57,70.07,166.717,118.79,474.96
2022-01-03 00:00:00+00:00,182.01,68.33,170.4045,120.38,477.71
2022-01-04 00:00:00+00:00,179.7,64.2,167.522,119.56,477.55
2022-01-05 00:00:00+00:00,174.92,63.02,164.357,121.16,468.38
2022-01-06 00:00:00+00:00,172.0,66.78,163.254,126.63,467.94
2022-01-07 00:00:00+00:00,172.17,68.24,162.554,129.81,466.09
2022-01-10 00:00:00+00:00,172.19,69.6,161.486,128.3,465.51
2022-01-11 00:00:00+00:00,175.08,76.76,165.362,132.19,469.75
2022-01-12 00:00:00+00:00,175.53,76.4,165.207,137.41,471.02
2022-01-13 00:00:00+00:00,172.19,71.44,161.214,131.37,464.53
2022-01-14 00:00:00+00:00,173.07,73.72,162.138,131.57,464.72
2022-01-18 00:00:00+00:00,169.8,73.4,158.9175,128.6,456.49
2022-01-19 00:00:00+00:00,166.23,72.3,156.299,127.74,451.75
2022-01-20 00:00:00+00:00,164.51,77.0,151.6675,131.03,446.75
2022-01-21 00:00:00+00:00,162.41,73.46,142.643,123.23,437.98
2022-01-24 00:00:00+00:00,161.62,71.74,144.544,120.37,439.84
2022-01-25 00:00:00+00:00,159.78,72.15,139.986,119.14,434.47
2022-01-26 00:00:00+00:00,159.69,71.11,138.8725,113.37,433.38
2022-01-27 00:00:00+00:00,159.22,66.68,139.6375,111.79,431.24
2022-01-28 00:00:00+00:00,170.33,69.34,143.978,115.23,441.95
2022-01-31 00:00:00+00:00,174.78,74.88,149.5735,125.79,449.91
2022-02-01 00:00:00+00:00,174.61,75.08,151.1935,127.22,452.95
2022-02-02 00:00:00+00:00,175.84,73.21,150.6125,122.88,457.35
2022-02-03 00:00:00+00:00,172.9,71.85,138.8455,123.47,446.6
2022-02-04 00:00:00+00:00,172.39,73.77,157.6395,122.22,448.7
2022-02-07 00:00:00+00:00,171.66,73.15,157.9355,114.82,447.26
2022-02-08 00:00:00+00:00,174.83,75.36,161.4135,121.9,450.94
2022-02-09 00:00:00+00:00,176.28,78.29,161.1895,126.5,457.54
2022-02-10 00:00:00+00:00,172.12,76.4,159.0035,123.98,449.32
2022-02-11 00:00:00+00:00,168.64,73.98,153.2935,122.25,440.46
2022-02-14 00:00:00+00:00,168.88,74.45,155.167,121.92,439.02
2022-02-15 00:00:00+00:00,172.79,76.13,156.5105,126.24,446.1
2022-02-16 00:00:00+00:00,172.55,75.3,158.1005,125.56,446.6
2022-02-17 00:00:00+00:00,168.88,74.55,154.6525,124.43,437.06
2022-02-18 00:00:00+00:00,167.3,71.86,152.6015,118.99,434.23
2022-02-22 00:00:00+00:00,164.32,70.98,150.1975,112.93,429.57
2022-02-23 00:00:00+00:00,160.07,70.54,144.827,109.72,421.95
2022-02-24 00:00:00+00:00,162.74,70.91,151.358,108.93,428.3
2022-02-25 00:00:00+00:00,164.85,72.5,153.7885,107.94,437.75
2022-02-28 00:00:00+00:00,165.12,71.63,153.563,105.19,436.63
2022-03-01 00:00:00+00:00,163.2,73.3,151.142,107.09,429.98
2022-03-02 00:00:00+00:00,166.56,71.79,152.0525,105.42,437.89
2022-03-03 00:00:00+00:00,166.23,67.83,147.8985,102.05,435.71
2022-03-04 00:00:00+00:00,163.17,63.59,145.641,100.6,432.17
2022-03-07 00:00:00+00:00,159.3,60.52,137.453,98.66,419.43
2022-03-08 00:00:00+00:00,157.44,58.69,136.0145,97.5,416.25
2022-03-09 00:00:00+00:00,162.95,62.4,139.279,100.93,427.41
2022-03-10 00:00:00+00:00,158.52,52.52,146.8175,92.92,425.48
2022-03-11 00:00:00+00:00,154.73,47.99,145.5245,86.71,420.07
2022-03-14 00:00:00+00:00,150.62,42.94,141.853,77.76,417.0
2022-03-15 00:00:00+00:00,155.09,45.98,147.3665,76.76,426.17
2022-03-16 00:00:00+00:00,159.59,64.08,153.104,104.98,435.62
2022-03-17 00:00:00+00:00,160.62,61.94,157.239,100.37,441.07
2022-03-18 00:00:00+00:00,163.98,65.13,161.2505,108.3,444.52
2022-03-21 00:00:00+00:00,165.38,61.44,161.4915,103.59,444.39
2022-03-22 00:00:00+00:00,168.82,64.73,164.889,114.99,449.59
2022-03-23 00:00:00+00:00,170.21,64.29,163.408,117.24,443.8
2022-03-24 00:00:00+00:00,174.07,61.52,163.6495,115.15,450.49
2022-03-25 00:00:00+00:00,174.72,59.92,164.7735,112.99,452.69
2022-03-28 00:00:00+00:00,175.6,59.77,168.9905,115.09,455.91
2022-03-29 00:00:00+00:00,178.96,62.73,169.315,116.71,461.55
2022-03-30 00:00:00+00:00,177.77,61.49,166.301,116.58,458.7
2022-03-31 00:00:00+00:00,174.61,57.87,162.9975,108.8,451.64
2022-04-01 00:00:00+00:00,174.31,59.09,163.56,110.2,452.92
2022-04-04 00:00:00+00:00,178.44,63.31,168.3465,117.5,456.8
2022-04-05 00:00:00+00:00,175.06,60.92,164.055,111.0,451.03
2022-04-06 00:00:00+00:00,171.83,59.07,158.756,107.68,446.52
2022-04-07 00:00:00+00:00,172.14,57.1,157.7845,104.27,448.77
2022-04-08 00:00:00+00:00,170.09,56.54,154.4605,103.53,447.57
2022-04-11 00:00:00+00:00,165.75,56.83,151.122,101.55,439.92
2022-04-12 00:00:00+00:00,167.66,56.48,150.7875,99.75,438.29
2022-04-13 00:00:00+00:00,170.4,58.28,155.541,100.03,443.31
2022-04-14 00:00:00+00:00,165.29,56.56,151.7065,95.49,437.79
2022-04-18 00:00:00+00:00,165.07,57.5,152.785,94.71,437.97
2022-04-19 00:00:00+00:00,167.4,56.89,158.1155,93.5,445.04
2022-04-20 00:00:00+00:00,167.23,53.75,153.998,89.41,444.71
2022-04-21 00:00:00+00:00,166.42,50.7,148.296,85.99,438.06
2022-04-22 00:00:00+00:00,161.79,52.04,144.35,86.49,426.04
2022-04-25 00:00:00+00:00,162.88,53.72,146.074,85.84,428.51
2022-04-26 00:00:00+00:00,156.8,53.21,139.391,83.99,416.1
2022-04-27 00:00:00+00:00,156.57,57.42,138.167,88.32,417.27
2022-04-28 00:00:00+00:00,163.64,57.81,144.5965,90.91,427.81
2022-04-29 00:00:00+00:00,157.65,61.66,124.2815,97.09,412.0
2022-05-02 00:00:00+00:00,157.96,63.37,124.5,101.21,414.48
2022-05-03 00:00:00+00:00,159.48,62.17,124.2535,100.38,416.38
2022-05-04 00:00:00+00:00,166.02,63.18,125.9285,101.41,429.06
2022-05-05 00:00:00+00:00,156.77,59.39,116.407,94.64,413.81
2022-05-06 00:00:00+00:00,157.28,55.61,114.7725,90.05,411.34
2022-05-09 00:00:00+00:00,152.06,51.04,108.789,84.84,398.17
2022-05-10 00:00:00+00:00,154.51,51.65,108.859,84.57,399.09
2022-05-11 00:00:00+00:00,146.5,49.83,105.372,81.73,392.75
2022-05-12 00:00:00+00:00,142.56,48.67,106.9305,81.09,392.34
2022-05-13 00:00:00+00:00,147.11,51.55,113.055,87.99,401.72
2022-05-16 00:00:00+00:00,145.54,51.53,110.8105,86.48,400.09
2022-05-17 00:00:00+00:00,149.24,53.67,115.3685,91.99,408.32
2022-05-18 00:00:00+00:00,140.82,51.2,107.1125,87.31,391.86
2022-05-19 00:00:00+00:00,137.35,52.78,107.319,87.69,389.46
2022-05-20 00:00:00+00:00,137.59,52.17,107.591,86.79,389.63
2022-05-23 00:00:00+00:00,143.11,53.33,107.557,87.23,396.92
2022-05-24 00:00:00+00:00,140.36,49.58,104.1,82.47,393.89
2022-05-25 00:00:00+00:00,140.52,50.19,106.775,82.31,397.37
2022-05-26 00:00:00+00:00,143.78,52.72,111.0775,94.48,405.31
2022-05-27 00:00:00+00:00,149.64,53.68,115.1465,93.41,415.26
2022-05-31 00:00:00+00:00,148.84,56.12,120.2095,96.05,412.93
2022-06-01 00:00:00+00:00,148.71,55.79,121.684,93.38,409.59
2022-06-02 00:00:00+00:00,151.21,58.0,125.511,97.5,417.39
2022-06-03 00:00:00+00:00,145.38,56.52,122.35,93.21,410.54
2022-06-06 00:00:00+00:00,146.14,60.21,124.79,99.01,411.79
2022-06-07 00:00:00+00:00,148.71,61.74,123.0,104.32,415.74
2022-06-08 00:00:00+00:00,147.96,66.47,121.18,119.62,411.22
2022-06-09 00:00:00+00:00,142.64,61.4,116.15,109.9,401.44
2022-06-10 00:00:00+00:00,137.13,61.51,109.65,109.84,389.8
2022-06-13 00:00:00+00:00,131.88,58.93,103.67,98.52,375.0
2022-06-14 00:00:00+00:00,132.76,62.51,102.31,105.23,373.87
2022-06-15 00:00:00+00:00,135.43,64.32,107.67,108.03,379.2
2022-06-16 00:00:00+00:00,130.06,62.01,103.66,101.45,366.65
2022-06-17 00:00:00+00:00,131.56,65.23,106.22,102.24,365.86
2022-06-21 00:00:00+00:00,135.87,63.65,108.68,106.39,375.07
2022-06-22 00:00:00+00:00,135.35,61.42,108.95,105.15,374.39
2022-06-23 00:00:00+00:00,138.27,61.9,112.44,112.11,378.06
2022-06-24 00:00:00+00:00,141.66,64.01,116.46,117.62,390.08
2022-06-27 00:00:00+00:00,141.66,65.62,113.22,118.73,388.59
2022-06-28 00:00:00+00:00,137.44,64.54,107.4,116.76,380.65
2022-06-29 00:00:00+00:00,139.23,64.85,108.92,116.03,380.34
2022-06-30 00:00:00+00:00,136.72,64.22,106.21,113.68,377.25
2022-07-01 00:00:00+00:00,138.93,65.95,109.56,116.0,381.24
2022-07-05 00:00:00+00:00,141.56,64.73,113.5,120.13,381.96
2022-07-06 00:00:00+00:00,142.92,61.76,114.33,119.12,383.25
2022-07-07 00:00:00+00:00,146.35,63.13,116.33,122.39,388.99
2022-07-08 00:00:00+00:00,147.04,62.01,115.54,120.9,388.67
2022-07-11 00:00:00+00:00,144.87,59.59,111.75,109.57,384.23
2022-07-12 00:00:00+00:00,145.86,60.16,109.22,109.21,380.83
2022-07-13 00:00:00+00:00,145.49,61.7,110.4,109.1,378.83
2022-07-14 00:00:00+00:00,148.47,61.04,110.63,103.76,377.91
2022-07-15 00:00:00+00:00,150.17,60.26,113.55,102.44,385.13
2022-07-18 00:00:00+00:00,147.07,62.05,113.76,103.14,381.95
2022-07-19 00:00:00+00:00,151.0,62.78,118.21,104.75,392.27
2022-07-20 00:00:00+00:00,153.04,62.62,122.77,103.96,394.77
2022-07-21 00:00:00+00:00,155.35,64.01,124.63,105.13,398.79
2022-07-22 00:00:00+00:00,154.09,61.58,122.42,100.61,395.09
2022-07-25 00:00:00+00:00,152.95,62.98,121.14,101.06,395.57
2022-07-26 00:00:00+00:00,151.6,62.97,114.81,101.44,390.89
2022-07-27 00:00:00+00:00,156.79,63.32,120.97,102.78,401.04
2022-07-28 00:00:00+00:00,157.35,62.13,122.28,100.55,406.07
2022-07-29 00:00:00+00:00,162.51,59.5,134.95,89.37,411.99
2022-08-01 00:00:00+00:00,161.51,58.76,135.39,90.34,410.77
2022-08-02 00:00:00+00:00,160.01,59.73,134.16,92.62,408.06
2022-08-03 00:00:00+00:00,166.13,61.13,139.52,95.72,414.45
2022-08-04 00:00:00+00:00,165.81,63.35,142.57,97.43,414.17
2022-08-05 00:00:00+00:00,165.35,61.91,140.8,92.56,413.47
2022-08-08 00:00:00+00:00,164.87,58.84,139.41,90.84,412.99
2022-08-09 00:00:00+00:00,164.92,57.08,137.83,91.19,411.35
2022-08-10 00:00:00+00:00,169.24,55.5,142.69,92.43,419.99
2022-08-11 00:00:00+00:00,168.49,56.94,140.64,94.87,419.99
2022-08-12 00:00:00+00:00,172.1,57.05,143.55,94.77,427.1
2022-08-15 00:00:00+00:00,173.19,57.98,143.18,94.2,428.86
2022-08-16 00:00:00+00:00,173.03,57.29,144.78,92.65,429.7
2022-08-17 00:00:00+00:00,174.55,56.15,142.1,89.77,426.65
2022-08-18 00:00:00+00:00,174.15,55.19,142.3,90.74,427.89
2022-08-19 00:00:00+00:00,171.52,54.7,138.23,89.63,422.14
2022-08-22 00:00:00+00:00,167.57,55.32,133.22,90.03,413.35
2022-08-23 00:00:00+00:00,167.23,57.2,133.62,89.83,412.35
2022-08-24 00:00:00+00:00,167.53,59.44,133.8,92.52,413.67
2022-08-25 00:00:00+00:00,170.03,64.91,137.28,99.89,419.51
2022-08-26 00:00:00+00:00,163.62,63.46,130.75,98.0,405.31
2022-08-29 00:00:00+00:00,161.38,62.32,129.79,96.6,402.63
2022-08-30 00:00:00+00:00,158.91,61.51,128.73,93.84,398.21
2022-08-31 00:00:00+00:00,157.22,63.49,126.77,95.41,395.18
2022-09-01 00:00:00+00:00,157.96,63.11,127.82,93.71,396.42
2022-09-02 00:00:00+00:00,155.81,61.29,127.51,91.8,392.24
2022-09-06 00:00:00+00:00,154.53,59.35,126.11,88.45,390.76
2022-09-07 00:00:00+00:00,155.96,59.88,129.48,90.6,397.78
2022-09-08 00:00:00+00:00,154.46,59.91,129.82,89.52,400.38
2022-09-09 00:00:00+00:00,157.37,60.41,133.27,92.14,406.6
2022-09-12 00:00:00+00:00,163.43,61.79,136.45,94.69,410.97
2022-09-13 00:00:00+00:00,153.84,57.43,126.82,89.47,393.1
2022-09-14 00:00:00+00:00,155.31,57.4,128.55,88.92,394.6
2022-09-15 00:00:00+00:00,152.37,57.65,126.28,88.83,390.12
2022-09-16 00:00:00+00:00,150.7,55.37,123.53,86.43,385.56
2022-09-19 00:00:00+00:00,154.48,56.82,124.66,87.66,388.55
2022-09-20 00:00:00+00:00,156.9,56.8,122.19,85.8,384.09
2022-09-21 00:00:00+00:00,153.72,53.93,118.54,81.6,377.39
2022-09-22 00:00:00+00:00,152.74,53.47,117.31,80.71,378.3
2022-09-23 00:00:00+00:00,150.43,52.31,113.78,78.8,367.95
2022-09-26 00:00:00+00:00,150.77,53.34,115.15,78.91,364.31
2022-09-27 00:00:00+00:00,151.76,52.66,114.41,77.87,363.38
2022-09-28 00:00:00+00:00,149.84,52.93,118.01,80.99,370.53
2022-09-29 00:00:00+00:00,142.48,51.25,114.8,79.06,362.79
2022-09-30 00:00:00+00:00,138.2,50.3,113.0,79.99,357.18
2022-10-03 00:00:00+00:00,142.45,49.52,115.88,80.45,366.61
2022-10-04 00:00:00+00:00,146.1,52.04,121.09,84.11,377.97
2022-10-05 00:00:00+00:00,146.4,52.98,120.95,84.39,377.09
2022-10-06 00:00:00+00:00,145.43,51.66,120.3,84.32,373.2
2022-10-07 00:00:00+00:00,140.09,49.91,114.56,81.24,362.79
2022-10-10 00:00:00+00:00,140.42,47.58,113.67,79.24,360.02
2022-10-11 00:00:00+00:00,138.98,46.27,112.21,75.37,357.74
2022-10-12 00:00:00+00:00,138.34,46.4,112.9,75.73,356.56
2022-10-13 00:00:00+00:00,142.99,45.05,112.53,75.01,365.97
2022-10-14 00:00:00+00:00,138.38,42.33,106.9,73.02,357.63
2022-10-17 00:00:00+00:00,142.41,44.44,113.79,76.77,366.82
2022-10-18 00:00:00+00:00,143.75,44.67,116.36,76.34,371.13
2022-10-19 00:00:00+00:00,143.86,41.22,115.07,71.27,368.5
2022-10-20 00:00:00+00:00,143.39,42.16,115.25,72.02,365.41
2022-10-21 00:00:00+00:00,147.27,42.15,119.32,72.18,374.29
2022-10-24 00:00:00+00:00,149.45,36.66,119.82,63.15,378.87
2022-10-25 00:00:00+00:00,152.34,37.77,120.6,63.22,384.92
2022-10-26 00:00:00+00:00,149.35,41.04,115.66,68.51,382.02
2022-10-27 00:00:00+00:00,144.8,39.5,110.96,65.84,379.98
2022-10-28 00:00:00+00:00,155.74,37.86,103.41,63.74,389.02
2022-10-31 00:00:00+00:00,153.34,37.29,102.44,63.58,386.21
2022-11-01 00:00:00+00:00,150.65,38.44,96.79,65.86,384.52
2022-11-02 00:00:00+00:00,145.03,39.84,92.12,64.7,374.87
2022-11-03 00:00:00+00:00,138.88,40.44,89.3,65.21,371.01
2022-11-04 00:00:00+00:00,138.38,44.38,90.98,69.81,376.35
2022-11-07 00:00:00+00:00,138.92,44.51,90.53,69.71,379.95
2022-11-08 00:00:00+00:00,139.5,45.49,89.98,68.13,382.0
2022-11-09 00:00:00+00:00,134.87,42.46,86.14,64.84,374.13
2022-11-10 00:00:00+00:00,146.87,46.03,96.63,69.77,394.69
2022-11-11 00:00:00+00:00,149.7,48.93,100.79,70.77,398.51
2022-11-14 00:00:00+00:00,148.28,50.85,98.49,71.33,395.12
2022-11-15 00:00:00+00:00,150.04,54.48,98.94,79.3,398.49
2022-11-16 00:00:00+00:00,148.79,53.49,97.12,78.16,395.45
2022-11-17 00:00:00+00:00,150.72,57.52,94.85,84.26,394.24
2022-11-18 00:00:00+00:00,151.29,56.07,94.14,80.48,396.03
2022-11-21 00:00:00+00:00,148.01,52.5,92.46,76.93,394.59
2022-11-22 00:00:00+00:00,150.18,51.56,93.2,75.99,399.9
2022-11-23 00:00:00+00:00,151.07,52.26,94.13,78.5,402.42
2022-11-25 00:00:00+00:00,148.11,49.48,93.41,75.5,402.33
2022-11-28 00:00:00+00:00,144.22,49.91,93.95,75.88,395.91
2022-11-29 00:00:00+00:00,141.17,53.25,92.42,79.86,395.23
2022-11-30 00:00:00+00:00,148.03,57.18,96.54,87.56,407.68
2022-12-01 00:00:00+00:00,148.31,55.85,95.5,85.94,407.38
2022-12-02 00:00:00+00:00,147.81,58.64,94.13,90.06,406.91
2022-12-05 00:00:00+00:00,146.63,59.18,91.01,90.52,399.59
2022-12-06 00:00:00+00:00,142.91,60.35,88.25,91.45,393.83
2022-12-07 00:00:00+00:00,140.94,58.45,88.46,88.33,393.16
2022-12-08 00:00:00+00:00,142.65,60.37,90.35,94.17,396.24
2022-12-09 00:00:00+00:00,142.16,58.32,89.09,91.34,393.28
2022-12-12 00:00:00+00:00,144.49,57.42,90.55,89.41,398.95
2022-12-13 00:00:00+00:00,145.47,57.81,92.49,91.41,401.97
2022-12-14 00:00:00+00:00,143.21,58.57,91.58,90.91,399.4
2022-12-15 00:00:00+00:00,136.5,56.65,88.45,86.21,389.63
2022-12-16 00:00:00+00:00,134.51,56.59,87.86,86.79,383.27
2022-12-19 00:00:00+00:00,132.37,57.19,84.92,87.16,380.02
2022-12-20 00:00:00+00:00,132.3,56.42,85.19,85.92,380.54
2022-12-21 00:00:00+00:00,135.45,58.12,86.77,87.81,386.23
2022-12-22 00:00:00+00:00,132.23,57.67,83.79,87.97,380.72
2022-12-23 00:00:00+00:00,131.86,56.44,85.25,85.65,382.91
2022-12-27 00:00:00+00:00,130.03,58.8,83.04,89.86,381.4
2022-12-28 00:00:00+00:00,126.04,56.15,81.82,87.2,376.66
2022-12-29 00:00:00+00:00,129.61,57.09,84.18,89.13,383.44
2022-12-30 00:00:00+00:00,129.93,56.13,84.0,88.09,382.43
2023-01-03 00:00:00+00:00,125.07,57.64,85.82,91.98,380.82
2023-01-04 00:00:00+00:00,126.36,66.1,85.14,103.92,383.76
2023-01-05 00:00:00+00:00,125.02,65.9,83.12,104.58,379.38
2023-01-06 00:00:00+00:00,129.62,64.3,86.08,107.4,388.08
2023-01-09 00:00:00+00:00,130.15,63.13,87.36,110.83,387.86
2023-01-10 00:00:00+00:00,130.73,63.65,89.87,114.88,390.58
2023-01-11 00:00:00+00:00,133.49,63.04,95.09,115.02,395.52
2023-01-12 00:00:00+00:00,133.41,63.17,95.27,113.15,396.96
2023-01-13 00:00:00+00:00,134.76,63.6,98.12,117.01,398.5
2023-01-17 00:00:00+00:00,135.94,59.96,96.05,115.19,397.77
2023-01-18 00:00:00+00:00,135.21,58.52,95.46,113.22,391.49
2023-01-19 00:00:00+00:00,135.27,59.42,93.68,116.58,388.64
2023-01-20 00:00:00+00:00,137.87,60.43,97.25,119.86,395.88
2023-01-23 00:00:00+00:00,141.11,61.06,97.52,119.53,400.63
2023-01-24 00:00:00+00:00,142.53,61.62,96.32,119.44,400.2
2023-01-25 00:00:00+00:00,141.86,61.38,97.18,120.25,400.35
2023-01-26 00:00:00+00:00,143.96,63.11,99.22,120.57,404.75
2023-01-27 00:00:00+00:00,145.93,63.74,102.24,118.38,405.68
2023-01-30 00:00:00+00:00,143.0,59.83,100.55,111.2,400.59
2023-01-31 00:00:00+00:00,144.29,59.53,103.13,110.2,406.48
2023-02-01 00:00:00+00:00,145.43,60.47,105.15,112.82,410.8
2023-02-02 00:00:00+00:00,150.82,59.31,112.91,109.74,416.78
2023-02-03 00:00:00+00:00,154.5,57.63,103.39,106.33,412.35
2023-02-06 00:00:00+00:00,151.73,56.73,102.18,105.45,409.83
2023-02-07 00:00:00+00:00,154.65,57.09,102.11,105.5,415.19
2023-02-08 00:00:00+00:00,151.92,55.35,100.05,105.11,410.65
2023-02-09 00:00:00+00:00,150.87,55.45,98.24,108.46,407.09
2023-02-10 00:00:00+00:00,151.01,52.29,97.61,103.65,408.04
2023-02-13 00:00:00+00:00,153.85,52.43,99.54,104.79,412.83
2023-02-14 00:00:00+00:00,153.2,52.32,99.7,104.22,412.64
2023-02-15 00:00:00+00:00,155.33,52.23,101.16,103.08,413.98
2023-02-16 00:00:00+00:00,153.71,54.1,98.15,103.11,408.28
2023-02-17 00:00:00+00:00,152.55,53.02,97.2,100.01,407.26
2023-02-21 00:00:00+00:00,148.48,47.17,94.58,95.1,399.09
2023-02-22 00:00:00+00:00,148.91,46.53,95.79,94.78,398.54
2023-02-23 00:00:00+00:00,149.4,46.65,95.82,94.16,400.66
2023-02-24 00:00:00+00:00,146.71,44.8,93.5,89.0,396.38
2023-02-27 00:00:00+00:00,147.92,44.74,93.76,89.25,397.73
2023-02-28 00:00:00+00:00,147.41,44.44,94.23,87.79,396.26
2023-03-01 00:00:00+00:00,145.31,45.73,92.17,89.95,394.74
2023-03-02 00:00:00+00:00,145.91,47.07,92.13,89.75,397.81
2023-03-03 00:00:00+00:00,151.03,47.46,94.9,89.7,404.19
2023-03-06 00:00:00+00:00,153.83,47.92,93.75,89.62,404.47
2023-03-07 00:00:00+00:00,151.6,46.57,93.55,88.73,398.27
2023-03-08 00:00:00+00:00,152.87,46.98,93.92,86.95,398.92
2023-03-09 00:00:00+00:00,150.59,41.68,92.25,83.37,391.56
2023-03-10 00:00:00+00:00,148.5,40.47,90.73,82.96,385.91
2023-03-13 00:00:00+00:00,150.47,40.11,92.43,82.9,385.36
2023-03-14 00:00:00+00:00,152.59,40.44,94.88,83.85,391.73
2023-03-15 00:00:00+00:00,152.99,39.34,96.2,81.51,389.28
2023-03-16 00:00:00+00:00,155.85,39.79,100.04,82.22,396.11
2023-03-17 00:00:00+00:00,155.0,38.83,98.95,81.67,389.99
2023-03-20 00:00:00+00:00,157.4,38.66,97.71,81.0,393.74
2023-03-21 00:00:00+00:00,159.28,39.54,100.61,83.7,398.91
2023-03-22 00:00:00+00:00,157.83,38.5,98.7,83.65,392.11
2023-03-23 00:00:00+00:00,158.93,40.07,98.71,86.52,393.17
2023-03-24 00:00:00+00:00,160.25,40.29,98.13,86.9,395.75
2023-03-27 00:00:00+00:00,158.28,39.78,98.04,86.12,396.49
2023-03-28 00:00:00+00:00,157.65,41.55,97.24,98.4,395.6
2023-03-29 00:00:00+00:00,160.77,41.18,100.25,99.92,401.35
2023-03-30 00:00:00+00:00,162.36,44.4,102.0,103.38,403.7
2023-03-31 00:00:00+00:00,164.9,43.89,103.29,102.18,409.39
2023-04-03 00:00:00+00:00,166.17,42.4,102.41,98.39,410.95
2023-04-04 00:00:00+00:00,165.63,41.84,103.95,100.72,408.67
2023-04-05 00:00:00+00:00,163.76,40.5,101.1,98.55,407.6
2023-04-06 00:00:00+00:00,164.66,40.77,102.05,102.74,409.19
2023-04-10 00:00:00+00:00,162.03,39.97,102.17,101.54,409.61
2023-04-11 00:00:00+00:00,160.8,40.01,99.92,99.76,409.72
2023-04-12 00:00:00+00:00,160.1,36.95,97.83,93.84,408.05
2023-04-13 00:00:00+00:00,165.56,37.45,102.4,96.17,413.47
2023-04-14 00:00:00+00:00,165.21,36.85,102.51,94.55,412.46
2023-04-17 00:00:00+00:00,165.23,38.05,102.74,96.42,413.94
2023-04-18 00:00:00+00:00,166.47,37.73,102.3,95.49,414.21
2023-04-19 00:00:00+00:00,167.63,37.1,104.3,93.49,414.14
2023-04-20 00:00:00+00:00,166.65,36.19,103.81,90.74,411.88
2023-04-21 00:00:00+00:00,165.02,35.63,106.96,89.13,412.2
2023-04-24 00:00:00+00:00,165.33,34.68,106.21,86.89,412.63
2023-04-25 00:00:00+00:00,163.77,33.7,102.57,82.92,406.08
2023-04-26 00:00:00+00:00,163.76,34.23,104.98,82.82,404.36
2023-04-27 00:00:00+00:00,168.41,34.75,109.82,84.47,412.41
2023-04-28 00:00:00+00:00,169.68,35.72,105.45,84.69,415.93
2023-05-01 00:00:00+00:00,169.59,35.49,102.05,84.16,415.51
2023-05-02 00:00:00+00:00,168.54,34.23,103.63,81.53,410.84
2023-05-03 00:00:00+00:00,167.46,34.69,103.655,81.48,408.02
2023-05-04 00:00:00+00:00,165.79,35.78,104.0,82.49,405.13
2023-05-05 00:00:00+00:00,173.57,35.88,105.655,83.22,412.63
2023-05-08 00:00:00+00:00,173.5,35.9,105.83,83.31,412.74
2023-05-09 00:00:00+00:00,171.77,35.62,106.62,82.22,410.93
2023-05-10 00:00:00+00:00,173.555,35.1,110.19,82.95,412.85
2023-05-11 00:00:00+00:00,173.75,37.63,112.18,87.89,412.13
2023-05-12 00:00:00+00:00,172.57,35.3,110.26,85.34,411.59
2023-05-15 00:00:00+00:00,172.07,37.67,111.2,88.34,413.01
2023-05-16 00:00:00+00:00,172.07,37.92,113.4,88.76,410.25
2023-05-17 00:00:00+00:00,172.69,37.34,115.5,90.68,415.23
2023-05-18 00:00:00+00:00,175.05,35.8,118.15,85.77,419.23
2023-05-19 00:00:00+00:00,175.16,35.06,116.25,83.98,418.62
2023-05-22 00:00:00+00:00,174.2,35.99,115.01,86.1,418.79
2023-05-23 00:00:00+00:00,171.56,35.04,114.99,82.88,414.09
2023-05-24 00:00:00+00:00,171.84,33.88,116.75,81.21,411.09
2023-05-25 00:00:00+00:00,172.99,32.44,115.0,78.78,414.65
2023-05-26 00:00:00+00:00,175.43,33.1,120.11,80.97,420.02
2023-05-30 00:00:00+00:00,177.3,32.1,121.66,78.67,420.18
2023-05-31 00:00:00+00:00,177.25,32.6,120.58,79.55,417.85
2023-06-01 00:00:00+00:00,180.09,34.53,122.77,83.0,421.82
2023-06-02 00:00:00+00:00,180.95,35.43,124.25,84.27,427.92
2023-06-05 00:00:00+00:00,179.58,36.29,125.3,84.4,427.1
2023-06-06 00:00:00+00:00,179.21,37.75,126.61,86.7,428.03
2023-06-07 00:00:00+00:00,177.82,36.95,121.23,85.28,426.55
2023-06-08 00:00:00+00:00,180.57,37.24,124.25,86.14,429.13
2023-06-09 00:00:00+00:00,180.96,36.58,123.43,85.5,429.9
2023-06-12 00:00:00+00:00,183.79,36.7,126.57,85.86,433.8
2023-06-13 00:00:00+00:00,183.31,37.99,126.66,87.51,436.66
2023-06-14 00:00:00+00:00,183.95,38.64,126.42,89.36,437.18
2023-06-15 00:00:00+00:00,186.01,39.96,127.11,92.2,442.6
2023-06-16 00:00:00+00:00,184.92,39.85,125.49,92.1,439.46
2023-06-20 00:00:00+00:00,185.01,37.17,125.78,87.93,437.18
2023-06-21 00:00:00+00:00,183.96,36.59,124.83,86.77,434.94
2023-06-22 00:00:00+00:00,187.0,36.59,130.15,86.89,436.51
2023-06-23 00:00:00+00:00,186.68,34.87,129.33,84.92,433.21
2023-06-26 00:00:00+00:00,185.27,34.97,127.33,85.47,431.44
2023-06-27 00:00:00+00:00,188.06,35.75,129.18,87.13,436.17
2023-06-28 00:00:00+00:00,189.25,34.79,129.04,84.59,436.39
2023-06-29 00:00:00+00:00,189.59,34.02,127.9,83.55,438.11
2023-06-30 00:00:00+00:00,193.97,34.13,130.36,83.35,443.28
2023-07-03 00:00:00+00:00,192.46,35.15,130.22,84.07,443.79
2023-07-05 00:00:00+00:00,191.33,35.2,130.38,84.3,443.13
2023-07-06 00:00:00+00:00,191.81,34.08,128.36,83.84,439.66
2023-07-07 00:00:00+00:00,190.68,35.76,129.78,90.55,438.55
2023-07-10 00:00:00+00:00,188.61,35.95,127.13,90.56,439.66
2023-07-11 00:00:00+00:00,188.08,36.02,128.78,91.79,442.46
2023-07-12 00:00:00+00:00,189.77,37.41,130.8,94.0,446.02
2023-07-13 00:00:00+00:00,190.54,39.36,134.3,96.61,449.56
2023-07-14 00:00:00+00:00,190.69,38.14,134.68,94.56,449.28
2023-07-17 00:00:00+00:00,193.99,37.78,133.56,93.41,450.84
2023-07-18 00:00:00+00:00,193.73,36.06,132.83,91.2,454.19
2023-07-19 00:00:00+00:00,195.1,36.41,135.36,92.09,455.2
2023-07-20 00:00:00+00:00,193.13,36.67,129.96,91.9,452.18
2023-07-21 00:00:00+00:00,191.94,37.07,130.0,92.17,452.18
2023-07-24 00:00:00+00:00,192.75,38.36,128.8,96.35,454.2
2023-07-25 00:00:00+00:00,193.62,38.53,129.13,94.98,455.44
2023-07-26 00:00:00+00:00,194.5,39.13,128.15,97.14,455.51
2023-07-27 00:00:00+00:00,193.22,37.98,128.25,95.44,452.49
2023-07-28 00:00:00+00:00,195.83,40.53,132.21,100.55,456.92
2023-07-31 00:00:00+00:00,196.455,41.325,133.73,102.16,457.79
2023-08-01 00:00:00+00:00,195.605,40.04,131.69,100.1,456.48
2023-08-02 00:00:00+00:00,192.58,38.25,128.21,95.07,450.13
2023-08-03 00:00:00+00:00,191.17,39.56,128.91,97.58,448.84
2023-08-04 00:00:00+00:00,181.99,39.09,139.57,96.9,446.81
2023-08-07 00:00:00+00:00,178.85,38.91,142.22,96.56,450.71
2023-08-08 00:00:00+00:00,179.8,38.05,139.94,94.22,448.75
2023-08-09 00:00:00+00:00,178.19,37.67,137.85,94.85,445.75
2023-08-10 00:00:00+00:00,177.97,38.49,138.56,99.21,445.91
2023-08-11 00:00:00+00:00,177.79,36.46,138.41,95.72,445.65
2023-08-14 00:00:00+00:00,179.46,36.76,140.57,93.46,448.11
2023-08-15 00:00:00+00:00,177.45,35.97,137.67,91.59,442.89
2023-08-16 00:00:00+00:00,176.57,34.88,135.07,89.12,439.64
2023-08-17 00:00:00+00:00,174.0,34.76,133.98,90.65,436.29
2023-08-18 00:00:00+00:00,174.49,33.11,133.22,88.03,436.5
2023-08-21 00:00:00+00:00,175.84,33.22,134.68,88.57,439.34
2023-08-22 00:00:00+00:00,177.23,33.28,134.25,88.08,438.15
2023-08-23 00:00:00+00:00,181.12,33.81,135.52,89.84,443.03
2023-08-24 00:00:00+00:00,176.38,33.02,131.84,89.11,436.89
2023-08-25 00:00:00+00:00,178.61,32.96,133.26,89.82,439.97
2023-08-28 00:00:00+00:00,180.19,33.81,133.14,92.24,442.76
2023-08-29 00:00:00+00:00,184.12,34.5,134.91,94.03,449.16
2023-08-30 00:00:00+00:00,187.65,33.97,135.07,93.65,451.01
2023-08-31 00:00:00+00:00,187.87,33.21,138.01,92.9,450.35
2023-09-01 00:00:00+00:00,189.46,34.1,138.12,95.01,451.19
2023-09-05 00:00:00+00:00,189.7,34.26,137.27,94.65,449.24
2023-09-06 00:00:00+00:00,182.91,33.79,135.36,94.45,446.22
2023-09-07 00:00:00+00:00,177.56,32.34,137.85,89.97,444.85
2023-09-08 00:00:00+00:00,178.18,32.4,138.23,90.05,445.52
2023-09-11 00:00:00+00:00,179.36,31.92,143.1,88.71,448.45
2023-09-12 00:00:00+00:00,176.3,31.73,141.23,88.3,445.99
2023-09-13 00:00:00+00:00,174.21,31.69,144.85,87.64,446.51
2023-09-14 00:00:00+00:00,175.74,31.72,144.72,88.0,450.36
2023-09-15 00:00:00+00:00,175.01,31.57,140.39,87.07,443.37
2023-09-18 00:00:00+00:00,177.97,31.12,139.98,87.02,443.63
2023-09-19 00:00:00+00:00,179.07,30.64,137.63,87.11,442.71
2023-09-20 00:00:00+00:00,175.49,30.35,135.29,85.74,438.64
2023-09-21 00:00:00+00:00,173.93,29.81,129.33,84.11,431.39
2023-09-22 00:00:00+00:00,174.79,30.41,129.12,88.3,430.42
2023-09-25 00:00:00+00:00,176.08,29.78,131.27,87.22,432.23
2023-09-26 00:00:00+00:00,171.96,29.03,125.98,85.91,425.88
2023-09-27 00:00:00+00:00,170.43,28.95,125.98,86.19,426.05
2023-09-28 00:00:00+00:00,170.69,28.55,125.98,85.54,428.52
2023-09-29 00:00:00+00:00,171.21,29.13,127.12,86.74,427.48
2023-10-02 00:00:00+00:00,173.75,29.07,129.46,86.53,427.31
2023-10-03 00:00:00+00:00,172.4,28.46,124.72,84.54,421.59
2023-10-04 00:00:00+00:00,173.66,28.39,127.0,84.08,424.66
2023-10-05 00:00:00+00:00,174.91,28.65,125.96,83.67,424.5
2023-10-06 00:00:00+00:00,177.49,29.61,127.96,86.06,429.54
2023-10-09 00:00:00+00:00,178.99,29.23,128.26,84.85,432.29
2023-10-10 00:00:00+00:00,178.39,30.27,129.48,87.17,434.54
2023-10-11 00:00:00+00:00,179.8,30.34,131.83,87.78,436.32
2023-10-12 00:00:00+00:00,180.71,27.83,132.33,84.51,433.66
2023-10-13 00:00:00+00:00,178.85,27.05,129.79,84.02,431.5
2023-10-16 00:00:00+00:00,178.72,27.64,132.55,84.31,436.04
2023-10-17 00:00:00+00:00,177.15,26.65,131.47,83.91,436.02
2023-10-18 00:00:00+00:00,175.84,25.88,128.13,83.01,430.21
2023-10-19 00:00:00+00:00,175.46,25.07,128.4,81.61,426.43
2023-10-20 00:00:00+00:00,172.88,24.38,125.17,79.94,421.19
2023-10-23 00:00:00+00:00,173.0,24.8,126.56,80.51,420.46
2023-10-24 00:00:00+00:00,173.44,25.25,128.56,82.87,423.63
2023-10-25 00:00:00+00:00,171.1,25.12,121.39,81.03,417.55
2023-10-26 00:00:00+00:00,166.89,25.92,119.57,82.51,412.55
2023-10-27 00:00:00+00:00,168.22,25.65,127.74,82.82,410.68
2023-10-30 00:00:00+00:00,170.29,25.94,132.71,83.14,415.59
2023-10-31 00:00:00+00:00,170.77,25.42,133.09,82.54,418.2
2023-11-01 00:00:00+00:00,173.97,25.33,137.0,82.48,422.66
2023-11-02 00:00:00+00:00,177.57,25.81,138.07,83.41,430.76
2023-11-03 00:00:00+00:00,176.65,26.94,138.6,85.31,434.69
2023-11-06 00:00:00+00:00,179.23,27.11,139.74,85.36,435.69
2023-11-07 00:00:00+00:00,181.82,26.82,142.71,85.41,436.93
2023-11-08 00:00:00+00:00,182.89,26.45,142.08,84.8,437.25
2023-11-09 00:00:00+00:00,182.41,25.75,140.6,82.73,433.84
2023-11-10 00:00:00+00:00,186.4,25.76,143.56,82.75,440.61
2023-11-13 00:00:00+00:00,184.8,25.75,142.59,82.26,440.19
2023-11-14 00:00:00+00:00,187.44,26.71,145.8,83.87,448.73
2023-11-15 00:00:00+00:00,188.01,28.59,143.2,87.07,449.68
2023-11-16 00:00:00+00:00,189.71,28.08,142.83,79.11,450.23
2023-11-17 00:00:00+00:00,189.69,27.61,145.18,77.6,450.79
2023-11-20 00:00:00+00:00,191.45,28.55,146.13,78.46,454.26
2023-11-21 00:00:00+00:00,190.64,28.08,143.9,78.94,453.27
2023-11-22 00:00:00+00:00,191.31,28.31,146.71,78.96,455.02
2023-11-24 00:00:00+00:00,189.97,28.76,146.74,78.49,455.3
2023-11-27 00:00:00+00:00,189.79,28.34,147.73,77.53,454.48
2023-11-28 00:00:00+00:00,190.4,28.16,147.03,76.74,454.93
2023-11-29 00:00:00+00:00,189.37,27.44,146.32,74.67,454.61
2023-11-30 00:00:00+00:00,189.95,27.43,146.09,74.88,456.4
2023-12-01 00:00:00+00:00,191.24,27.16,147.03,73.99,459.1
2023-12-04 00:00:00+00:00,189.43,26.59,144.84,73.03,456.69
2023-12-05 00:00:00+00:00,193.42,26.12,146.88,72.38,456.6
2023-12-06 00:00:00+00:00,192.32,26.6,144.52,71.49,454.76
2023-12-07 00:00:00+00:00,194.27,26.93,146.88,72.33,458.23
2023-12-08 00:00:00+00:00,195.71,26.45,147.42,72.14,460.2
2023-12-11 00:00:00+00:00,193.18,25.6,145.89,71.37,461.99
2023-12-12 00:00:00+00:00,194.71,25.18,147.48,71.39,464.1
2023-12-13 00:00:00+00:00,197.96,25.29,148.84,71.46,470.5
2023-12-14 00:00:00+00:00,198.11,26.24,147.42,72.51,472.01
2023-12-15 00:00:00+00:00,197.57,27.41,149.97,74.51,469.33
2023-12-18 00:00:00+00:00,195.89,26.64,154.07,73.84,471.97
2023-12-19 00:00:00+00:00,196.94,27.6,153.79,75.39,474.84
2023-12-20 00:00:00+00:00,194.83,26.43,152.12,73.35,468.26
2023-12-21 00:00:00+00:00,194.68,27.98,153.84,76.26,472.7
2023-12-22 00:00:00+00:00,193.6,27.59,153.42,75.28,473.65
2023-12-26 00:00:00+00:00,193.05,27.61,153.41,75.85,475.65
2023-12-27 00:00:00+00:00,193.15,27.75,153.34,76.11,476.51
2023-12-28 00:00:00+00:00,193.58,28.51,153.38,77.24,476.69
2023-12-29 00:00:00+00:00,192.53,28.89,151.94,77.51,475.31
2024-01-02 00:00:00+00:00,185.64,27.2,149.93,74.76,472.65
2024-01-03 00:00:00+00:00,184.25,27.47,148.47,76.59,468.79
2024-01-04 00:00:00+00:00,181.91,27.16,144.57,74.66,467.28
2024-01-05 00:00:00+00:00,181.18,26.68,145.24,73.01,467.92
2024-01-08 00:00:00+00:00,185.56,25.96,149.1,72.88,474.6
2024-01-09 00:00:00+00:00,185.14,25.32,151.37,72.02,473.88
2024-01-10 00:00:00+00:00,186.19,25.28,153.73,71.41,476.56
2024-01-11 00:00:00+00:00,185.59,25.39,155.18,72.38,476.35
2024-01-12 00:00:00+00:00,185.92,24.7,154.62,71.84,476.68
2024-01-16 00:00:00+00:00,183.63,23.58,153.16,69.46,474.93
2024-01-17 00:00:00+00:00,182.68,22.42,151.71,68.93,472.29
2024-01-18 00:00:00+00:00,188.63,22.02,153.5,68.05,476.49
2024-01-19 00:00:00+00:00,191.56,22.29,155.34,69.42,482.43
2024-01-22 00:00:00+00:00,193.89,21.66,154.78,68.63,483.45
2024-01-23 00:00:00+00:00,195.18,23.22,156.02,74.02,484.86
2024-01-24 00:00:00+00:00,194.5,23.6,156.87,75.2,485.39
2024-01-25 00:00:00+00:00,194.17,23.93,157.75,73.85,488.03
2024-01-26 00:00:00+00:00,192.42,23.86,159.12,74.01,487.41
2024-01-29 00:00:00+00:00,191.73,23.46,161.26,73.58,491.27
2024-01-30 00:00:00+00:00,188.04,22.75,159.0,72.32,490.89
2024-01-31 00:00:00+00:00,184.4,22.55,155.24,72.17,482.88
2024-02-01 00:00:00+00:00,186.86,22.22,159.28,72.46,489.2
2024-02-02 00:00:00+00:00,185.85,21.78,171.81,71.85,494.35
2024-02-05 00:00:00+00:00,187.68,22.39,170.31,74.63,492.55
2024-02-06 00:00:00+00:00,189.3,24.11,169.15,78.23,493.98
2024-02-07 00:00:00+00:00,189.41,23.05,170.53,73.64,498.1
2024-02-08 00:00:00+00:00,188.32,22.05,169.84,70.78,498.32
2024-02-09 00:00:00+00:00,188.85,22.38,174.45,72.02,501.2
2024-02-12 00:00:00+00:00,187.15,22.89,172.34,73.14,500.98
2024-02-13 00:00:00+00:00,185.1068,22.125,168.68,71.6,497.09
2024-02-14 00:00:00+00:00,184.15,23.14,170.98,73.39,498.57
2024-02-15 00:00:00+00:00,183.86,23.56,169.8,73.82,502.01
2024-02-16 00:00:00+00:00,182.31,24.21,169.51,73.91,499.51
2024-02-20 00:00:00+00:00,181.56,23.23,167.08,73.14,496.76
2024-02-21 00:00:00+00:00,182.32,23.79,168.59,75.58,497.21
2024-02-22 00:00:00+00:00,184.37,23.96,174.58,76.12,507.5
2024-02-23 00:00:00+00:00,182.52,23.9,174.99,75.96,507.85
2024-02-26 00:00:00+00:00,181.16,23.7,174.73,76.51,505.99
2024-02-27 00:00:00+00:00,182.63,24.08,173.54,77.68,506.93
2024-02-28 00:00:00+00:00,181.42,22.81,173.16,74.59,506.26
2024-02-29 00:00:00+00:00,180.75,22.62,176.76,74.03,508.08
2024-03-01 00:00:00+00:00,179.66,23.0,178.22,74.62,512.85
2024-03-04 00:00:00+00:00,175.1,21.88,177.58,72.0,512.3
2024-03-05 00:00:00+00:00,170.18,21.45,174.11,72.07,507.18
2024-03-06 00:00:00+00:00,169.12,24.91,173.51,73.71,509.75
2024-03-07 00:00:00+00:00,169.11,24.0,176.87,72.54,514.81
2024-03-08 00:00:00+00:00,170.79,24.765,175.34,73.55,511.72
2024-03-11 00:00:00+00:00,172.75,26.07,171.96,74.86,511.28
2024-03-12 00:00:00+00:00,173.23,27.37,175.42,76.06,516.78
2024-03-13 00:00:00+00:00,171.13,28.01,176.555,76.39,515.97
2024-03-14 00:00:00+00:00,173.0,27.05,178.75,73.4,514.95
2024-03-15 00:00:00+00:00,172.62,27.45,174.42,73.42,509.67
2024-03-18 00:00:00+00:00,173.72,27.85,174.48,73.52,512.85
2024-03-19 00:00:00+00:00,176.08,27.59,175.9,73.42,515.77
2024-03-20 00:00:00+00:00,178.67,28.14,178.15,74.18,520.42
2024-03-21 00:00:00+00:00,171.37,27.05,178.15,73.83,522.2
2024-03-22 00:00:00+00:00,172.28,26.5,178.87,72.13,521.21
2024-03-25 00:00:00+00:00,170.85,26.8,179.71,71.46,519.77
2024-03-26 00:00:00+00:00,169.71,26.36,178.3,71.48,518.81
2024-03-27 00:00:00+00:00,173.31,27.23,179.83,71.59,523.16
2024-03-28 00:00:00+00:00,171.48,27.39,180.38,72.36,523.21
2024-04-01 00:00:00+00:00,170.03,27.76,180.97,73.37,522.16
2024-04-02 00:00:00+00:00,168.84,27.81,180.69,72.88,518.86
2024-04-03 00:00:00+00:00,169.65,27.27,182.41,72.44,519.46
2024-04-04 00:00:00+00:00,168.89,26.12,180.04,71.95,513.12
2024-04-05 00:00:00+00:00,169.58,26.02,185.07,71.66,518.43
2024-04-08 00:00:00+00:00,168.45,25.94,185.19,71.71,518.72
2024-04-09 00:00:00+00:00,169.67,26.7,185.67,72.99,519.28
2024-04-10 00:00:00+00:00,167.78,26.67,185.95,74.59,514.12
2024-04-11 00:00:00+00:00,175.04,26.99,189.05,74.85,518.0
2024-04-12 00:00:00+00:00,176.55,25.39,186.13,71.29,510.84
2024-04-15 00:00:00+00:00,172.69,25.42,183.62,70.62,504.5894
2024-04-16 00:00:00+00:00,169.38,25.06,183.32,69.61,503.46
2024-04-17 00:00:00+00:00,168.0,25.15,181.28,68.82,500.55
2024-04-18 00:00:00+00:00,167.04,25.46,179.22,68.88,499.445
2024-04-19 00:00:00+00:00,165.0,25.51,174.63,69.07,495.16
2024-04-22 00:00:00+00:00,165.84,26.99,177.23,70.68,499.72
2024-04-23 00:00:00+00:00,166.9,27.545,179.54,72.51,505.62
2024-04-24 00:00:00+00:00,169.02,28.27,176.59,74.63,505.46
2024-04-25 00:00:00+00:00,169.89,28.59,173.67,75.11,503.44
2024-04-26 00:00:00+00:00,169.3,30.34,179.62,75.55,508.26
2024-04-29 00:00:00+00:00,173.5,29.89,180.96,76.41,510.06
2024-04-30 00:00:00+00:00,170.33,28.89,175.0,74.85,501.98
2024-05-01 00:00:00+00:00,169.3,29.27,179.0,75.51,500.12
2024-05-02 00:00:00+00:00,173.18,32.64,184.72,80.33,505.01
2024-05-03 00:00:00+00:00,183.38,32.87,186.21,81.33,511.31
2024-05-06 00:00:00+00:00,181.71,32.71,188.7,81.55,516.57
2024-05-07 00:00:00+00:00,182.4,32.13,188.76,79.37,517.19
2024-05-08 00:00:00+00:00,182.74,31.95,188.0,78.46,517.19
2024-05-09 00:00:00+00:00,184.57,32.37,189.5,79.46,520.17
2024-05-10 00:00:00+00:00,183.05,32.2,187.48,80.04,520.84
2024-05-13 00:00:00+00:00,186.28,33.78,186.57,84.6,520.91
2024-05-14 00:00:00+00:00,187.43,33.35,187.07,79.51,523.29
2024-05-15 00:00:00+00:00,189.72,33.62,185.99,80.99,529.76
2024-05-16 00:00:00+00:00,189.865,34.27,183.63,86.7,528.82
2024-05-17 00:00:00+00:00,189.87,35.27,184.7,88.54,529.5
2024-05-20 00:00:00+00:00,191.085,34.75,183.54,88.28,530.06
2024-05-21 00:00:00+00:00,192.35,33.29,183.15,86.13,531.36
2024-05-22 00:00:00+00:00,190.9,32.68,183.13,82.68,529.84
2024-05-23 00:00:00+00:00,186.88,31.2,181.0444,80.8,525.98
2024-05-24 00:00:00+00:00,189.98,30.27,180.75,81.26,529.5
2024-05-28 00:00:00+00:00,189.99,29.89,182.15,80.58,529.81
2024-05-29 00:00:00+00:00,190.29,29.32,182.02,79.06,526.18
2024-05-30 00:00:00+00:00,191.336,30.215,179.39,79.63,522.61
2024-05-31 00:00:00+00:00,192.325,29.62,176.445,78.34,527.14
2024-06-03 00:00:00+00:00,194.03,29.9,178.34,77.9,527.79
2024-06-04 00:00:00+00:00,194.35,30.06,179.34,78.45,528.39
2024-06-05 00:00:00+00:00,195.87,30.59,181.28,79.83,534.63
2024-06-06 00:00:00+00:00,194.5,29.77,184.94,80.01,534.62
2024-06-07 00:00:00+00:00,196.89,29.33,184.3,78.41,534.01
2024-06-10 00:00:00+00:00,193.12,29.59,187.06,79.3,535.66
2024-06-11 00:00:00+00:00,207.15,29.41,187.23,77.9,536.95
2024-06-12 00:00:00+00:00,213.07,29.56,186.89,78.04,541.34
2024-06-13 00:00:00+00:00,214.24,29.4,183.83,75.68,542.45
2024-06-14 00:00:00+00:00,212.49,28.77,183.66,73.35,542.78
2024-06-17 00:00:00+00:00,216.67,29.24,184.06,74.55,547.03
2024-06-18 00:00:00+00:00,214.29,29.05,182.81,74.46,548.49
2024-06-20 00:00:00+00:00,209.68,28.68,186.1,74.35,547.0
2024-06-21 00:00:00+00:00,207.49,28.1,189.08,73.67,544.09
2024-06-24 00:00:00+00:00,208.14,28.36,185.57,74.79,542.67
2024-06-25 00:00:00+00:00,209.07,27.57,186.34,73.79,544.77
2024-06-26 00:00:00+00:00,213.25,27.51,193.61,74.17,545.51
2024-06-27 00:00:00+00:00,214.1,26.26,197.85,72.37,546.42
2024-06-28 00:00:00+00:00,210.62,25.84,193.25,72.0,544.26
2024-07-01 00:00:00+00:00,216.75,25.79,197.2,72.18,545.39
2024-07-02 00:00:00+00:00,220.27,26.09,200.0,73.68,548.98
2024-07-03 00:00:00+00:00,221.55,26.87,197.558,75.57,551.46
2024-07-05 00:00:00+00:00,226.34,26.76,200.0,74.52,554.67
2024-07-08 00:00:00+00:00,227.82,26.47,199.29,73.5,555.32
2024-07-09 00:00:00+00:00,228.6786,26.82,199.34,75.7,555.82
2024-07-10 00:00:00+00:00,232.98,26.76,199.79,76.01,561.32
2024-07-11 00:00:00+00:00,227.57,28.63,195.05,78.52,556.47
2024-07-12 00:00:00+00:00,230.54,28.15,194.49,79.65,559.9
2024-07-15 00:00:00+00:00,234.41,26.65,192.72,78.01,561.53
2024-07-16 00:00:00+00:00,234.82,27.2,193.02,78.38,564.79
2024-07-17 00:00:00+00:00,228.88,26.98,187.93,77.04,556.94
2024-07-18 00:00:00+00:00,224.18,26.28,183.75,76.54,552.66
2024-07-19 00:00:00+00:00,224.31,26.26,183.13,75.27,548.99
2024-07-22 00:00:00+00:00,223.96,26.85,182.55,76.64,554.65
2024-07-23 00:00:00+00:00,225.01,26.19,186.41,76.1,553.78
2024-07-24 00:00:00+00:00,218.54,25.76,180.83,75.8,541.23
2024-07-25 00:00:00+00:00,217.49,26.33,179.85,75.4,538.41
2024-07-26 00:00:00+00:00,217.96,26.56,182.5,76.53,544.44
2024-07-29 00:00:00+00:00,218.24,26.61,183.2,78.62,544.76
2024-07-30 00:00:00+00:00,218.8,26.36,181.71,78.0,542.0
2024-07-31 00:00:00+00:00,222.08,26.39,186.98,78.85,550.81
2024-08-01 00:00:00+00:00,218.36,25.24,184.07,77.98,543.01
2024-08-02 00:00:00+00:00,219.86,25.16,167.9,77.45,532.9
2024-08-05 00:00:00+00:00,209.27,24.95,161.02,76.98,517.38
2024-08-06 00:00:00+00:00,207.23,25.45,161.93,77.9,522.15
2024-08-07 00:00:00+00:00,209.82,25.33,162.77,77.83,518.66
2024-08-08 00:00:00+00:00,213.31,25.98,165.8,80.31,530.65
2024-08-09 00:00:00+00:00,216.24,25.88,166.94,79.99,532.99
2024-08-12 00:00:00+00:00,217.53,26.07,166.8,80.91,533.27
2024-08-13 00:00:00+00:00,221.27,26.13,170.23,81.1,542.04
2024-08-14 00:00:00+00:00,221.72,25.9,170.1,79.47,543.75
2024-08-15 00:00:00+00:00,224.72,27.0,177.59,79.54,553.07
2024-08-16 00:00:00+00:00,226.05,29.29,177.06,83.18,554.31
2024-08-19 00:00:00+00:00,225.89,29.54,178.22,83.91,559.61
2024-08-20 00:00:00+00:00,226.51,28.19,178.88,81.04,558.7
2024-08-21 00:00:00+00:00,226.4,27.02,180.11,83.53,560.62
2024-08-22 00:00:00+00:00,224.53,26.64,176.13,82.96,556.22
2024-08-23 00:00:00+00:00,226.84,26.83,177.04,85.41,562.13
2024-08-26 00:00:00+00:00,227.18,25.8,175.5,81.76,560.79
2024-08-27 00:00:00+00:00,228.03,26.38,173.12,81.45,561.56
2024-08-28 00:00:00+00:00,226.49,25.94,170.8,79.62,558.3
2024-08-29 00:00:00+00:00,229.79,26.37,172.12,81.02,558.35
2024-08-30 00:00:00+00:00,229.0,27.0,178.5,83.34,563.68
2024-09-03 00:00:00+00:00,222.77,26.7,176.25,82.27,552.08
2024-09-04 00:00:00+00:00,220.85,26.83,173.33,82.47,550.95
2024-09-05 00:00:00+00:00,222.38,26.38,177.89,82.43,549.61
2024-09-06 00:00:00+00:00,220.82,26.07,171.39,81.18,540.36
2024-09-09 00:00:00+00:00,220.91,25.89,175.4,81.44,546.41
2024-09-10 00:00:00+00:00,220.11,25.98,179.55,83.8,548.79
2024-09-11 00:00:00+00:00,222.66,26.56,184.52,84.81,554.42
2024-09-12 00:00:00+00:00,222.77,26.65,187.0,85.49,559.09
2024-09-13 00:00:00+00:00,222.5,26.24,186.49,84.69,562.01
2024-09-16 00:00:00+00:00,216.32,26.3,184.89,83.6,562.84
2024-09-17 00:00:00+00:00,216.79,26.92,186.88,84.7,563.07
2024-09-18 00:00:00+00:00,220.69,26.92,186.43,84.42,561.4
2024-09-19 00:00:00+00:00,228.87,28.74,189.87,88.49,570.98
2024-09-20 00:00:00+00:00,228.2,28.55,191.6,88.29,568.25
2024-09-23 00:00:00+00:00,226.47,29.76,193.88,90.09,569.67
2024-09-24 00:00:00+00:00,227.37,33.9,193.96,97.19,571.3
2024-09-25 00:00:00+00:00,226.37,33.21,192.53,95.46,570.04
2024-09-26 00:00:00+00:00,227.52,37.99,191.16,105.07,572.3
2024-09-27 00:00:00+00:00,227.79,39.9,187.97,107.33,571.47
2024-09-30 00:00:00+00:00,233.0,40.0,186.33,106.12,573.76
2024-10-01 00:00:00+00:00,226.21,42.93,185.13,112.74,568.62
2024-10-02 00:00:00+00:00,226.78,44.8,184.76,115.25,568.86
2024-10-03 00:00:00+00:00,225.67,44.6,181.96,112.84,567.82
2024-10-04 00:00:00+00:00,226.8,46.97,186.51,114.53,572.98
2024-10-07 00:00:00+00:00,221.69,47.08,180.8,117.52,567.8
2024-10-08 00:00:00+00:00,225.77,43.54,182.72,109.68,573.17
2024-10-09 00:00:00+00:00,229.54,42.84,185.17,107.89,577.14
2024-10-10 00:00:00+00:00,229.04,43.22,186.65,109.28,576.13
2024-10-11 00:00:00+00:00,227.55,43.83,188.82,110.14,579.58
2024-10-14 00:00:00+00:00,231.3,44.14,187.54,107.81,584.32
2024-10-15 00:00:00+00:00,233.85,40.16,187.69,101.84,579.78
2024-10-16 00:00:00+00:00,231.78,40.54,186.89,102.17,582.3
2024-10-17 00:00:00+00:00,232.15,38.85,187.53,100.07,582.35
2024-10-18 00:00:00+00:00,235.0,39.98,188.99,102.43,584.59
2024-10-21 00:00:00+00:00,236.48,39.68,189.07,100.91,583.63
2024-10-22 00:00:00+00:00,235.86,40.35,189.7,100.46,583.32
2024-10-23 00:00:00+00:00,230.76,40.0,184.71,98.0,577.99
2024-10-24 00:00:00+00:00,230.57,39.33,186.38,96.36,579.24
2024-10-25 00:00:00+00:00,231.41,39.9,187.83,97.42,579.04
2024-10-28 00:00:00+00:00,233.4,41.64,188.39,99.93,580.83
2024-10-29 00:00:00+00:00,233.67,41.14,190.83,99.83,581.77
2024-10-30 00:00:00+00:00,230.1,40.03,192.73,98.7,580.01
2024-10-31 00:00:00+00:00,225.91,40.62,186.4,97.98,568.64
2024-11-01 00:00:00+00:00,222.91,40.44,197.93,97.58,571.04
2024-11-04 00:00:00+00:00,222.01,39.86,195.78,98.4,569.81
2024-11-05 00:00:00+00:00,223.45,40.03,199.5,99.21,576.7
2024-11-06 00:00:00+00:00,222.72,38.67,207.09,96.73,591.04
2024-11-07 00:00:00+00:00,227.48,41.23,210.05,100.14,595.61
2024-11-08 00:00:00+00:00,226.96,38.35,208.18,94.19,598.19
2024-11-11 00:00:00+00:00,224.23,39.02,206.84,95.42,598.76
2024-11-12 00:00:00+00:00,224.23,36.1,208.91,91.78,596.9
2024-11-13 00:00:00+00:00,225.12,35.69,214.1,92.0,597.19
2024-11-14 00:00:00+00:00,228.22,33.35,211.48,90.58,593.35
2024-11-15 00:00:00+00:00,225.0,35.0,202.61,88.59,585.75
2024-11-18 00:00:00+00:00,228.02,35.33,201.7,89.35,588.15
2024-11-19 00:00:00+00:00,228.28,35.19,204.61,87.11,590.3
2024-11-20 00:00:00+00:00,229.0,35.18,202.88,86.77,590.5
2024-11-21 00:00:00+00:00,228.52,35.38,198.38,85.58,593.67
2024-11-22 00:00:00+00:00,229.87,34.68,197.12,83.13,595.51
2024-11-25 00:00:00+00:00,232.87,34.51,201.45,85.58,597.53
2024-11-26 00:00:00+00:00,235.06,35.33,207.86,85.18,600.65
2024-11-27 00:00:00+00:00,234.93,37.19,205.74,86.59,598.83
2024-11-29 00:00:00+00:00,237.33,37.38,207.89,87.37,602.55
